ndvi_atual,variacao_ndvi_15d,temperatura_media_7d,precipitacao_acumulada_30d,radiacao_solar_media,tipo_cultura,dias_apos_plantio,risco_estresse
0.7346439598158899,0.19753268472187152,26.386909461043444,262.0976195945674,20.361313907993864,2,54,0
0.45988032059668293,0.05645759217071267,17.97144973925575,73.81709414604764,17.072678430071615,2,126,0
0.8040502943273337,-0.15308715168377043,29.22933566846941,146.68922228999483,11.501116607760405,5,106,0
0.6718417838286784,0.14740500039617987,18.91072070083413,8.915164006929988,29.819439720717973,1,25,1
0.17722542526787263,-0.2493114625937568,16.5239583474464,2.664057979934653,13.495474534500968,1,148,1
0.9000103283421399,0.16465070066926984,27.466695835721524,211.63596628183936,15.106169499520876,2,19,0
0.7241345556320895,0.05399113334580813,31.3843362511657,35.48808673968021,14.718315249892356,4,41,1
0.7445727303271021,-0.23354980896215904,36.353682660159826,164.34247113324528,28.158828133714064,5,109,1
0.20505317879394763,-0.25229666214457785,34.57088884885759,208.80224466300598,25.273767854470606,3,79,2
0.4693164690743651,0.15050180006187747,36.4310128189137,9.670375868891778,19.146595988786732,3,66,2
0.4040543798707167,-0.12423845609769771,34.00171927052226,134.6224197437046,29.108460679037183,5,138,1
0.8599472908558535,0.2335811104603281,32.580984922653485,205.24558109575193,11.055667615728835,1,119,0
0.627969398466145,0.1572438126181056,15.253439228517491,266.919296356455,27.873407624433042,5,144,0
0.7746645228820807,0.11891414683062962,30.652557795230262,89.76903018049694,11.208546713763184,2,42,0
0.4635996430384116,-0.13283636841992943,18.01204510347794,292.26495890529907,17.822613918691275,2,127,0
0.28633575186351706,0.12536671141297073,16.466678308313526,253.36244989790922,11.080097567529794,5,31,0
0.5547595253529846,0.2688886107089004,18.910303802641387,195.1905216245563,29.979379835153704,4,120,0
0.15233015000542377,-0.24506409937765863,35.58230403604375,117.57765217383935,28.287790050012035,3,82,2
0.7786575610339174,-0.10430241479786037,33.59623482750054,213.33311285984956,21.695979104924625,2,89,0
0.6179648072800932,-0.15919664072304351,38.71931013013031,244.857980721106,14.356891479964911,3,17,0
0.7216319468700065,-0.06404991935959997,39.47440646626026,90.9899624659672,15.535554503949385,4,131,0
0.39071129386649206,0.14539959291236781,37.33209965934955,297.8490194721088,18.990867321142407,1,41,0
0.8959723800038207,-0.015454451144768067,18.32315127442498,272.5858109263917,16.455603649846914,1,89,0
0.8323593194842022,0.04243836367214776,36.95956852312451,145.6504321028768,10.426278108698813,2,24,0
0.7382744676004848,-0.11150706715299458,35.96592836971613,216.84897473261856,23.12512016234269,3,138,0
0.25960374043861345,-0.21522643974773967,36.777146496492435,157.20266838563455,22.268558081866026,5,48,2
0.4827112230561681,-0.13983981063736287,18.792140427912287,228.27916565910786,28.086214064376815,2,114,0
0.1359190879455276,0.2158081807451922,17.91979569433294,248.09466116339442,19.53708080210901,4,114,0
0.22651738349538925,0.06145017729204627,38.09522198960204,6.966766547112757,16.894179235967755,5,82,2
0.6601001416588128,-0.07320679608165975,19.345666228362614,23.739608910194775,20.230343658355338,3,18,0
0.7107049678444101,0.17394358904135254,24.21554327606503,100.94022476301811,13.893899817916793,5,41,0
0.8933579805960522,-0.26132554052705476,26.399621237351507,275.28408978970486,22.510807036495727,5,91,0
0.3671767936732846,-0.14766534724656857,18.11106319573911,119.4820749430169,25.40065765580323,4,80,2
0.40377695894859256,-0.16193810756559643,15.515857200813684,266.25366456057725,13.069234267513842,2,87,0
0.48503576524616254,0.29121873730093323,39.8522617441779,138.73017378952588,16.367664352706583,2,37,1
0.2553665144491143,0.12365914943565615,36.91643112087402,86.65587609347202,27.356019587327975,5,80,2
0.20653563437508676,0.0706715618331325,37.80844823376593,270.19355491874853,20.110634972676436,3,12,0
0.49007803950526574,-0.29700902082331626,22.11407673180296,168.20123067560326,20.636732933550935,1,72,1
0.286065666221725,-0.18941399874608555,20.502539318635975,108.14528850901239,24.44816394106703,4,13,0
0.6492474756396585,0.08132477578384695,25.646663954385666,13.32210108834504,21.55785630442653,2,99,1
0.4584645734753112,-0.07216840411100056,26.332984224450172,33.27993973446717,11.391595361476384,5,85,2
0.7827961207674268,0.2545682302074365,15.139985971606016,41.79309829245915,26.079234237260714,5,127,0
0.6742173836418442,0.15883453148505472,34.48132781399582,109.45088712318189,28.456720744969356,1,69,1
0.35614064593327366,-0.031569556317528,39.91667595355043,182.1998867233032,11.065544659816243,5,24,0
0.7824530371440649,0.14970898652296227,28.217271752552236,92.27703432657896,12.42499512915102,5,35,0
0.7599067731473775,0.2852425942957329,24.70646737531128,19.658290129440058,24.03950404414961,4,122,0
0.41773227080474307,-0.02341150517911761,24.81879733053008,79.44262119520013,22.08947865029051,2,143,1
0.33642904522280015,0.08551553273312001,17.401928304302515,122.60449526988305,17.650339979434918,4,9,0
0.65964631325948,0.2511987690367771,21.654045459100296,297.6809786016987,20.784972978807428,5,101,0
0.21459703655963405,-0.15079520277829603,27.55331971586578,117.8960714252816,24.066771360021175,5,72,2
0.26392472602958883,0.23193474819976695,25.796200028367434,26.75862562423319,20.089529237618585,3,38,1
0.10603706119582453,-0.2414731759362104,28.625868643577753,174.33444434218003,12.803766492712985,4,76,1
0.7452779895517535,0.08906890235258791,36.22664121593517,275.8920217878869,11.788720582665803,2,140,0
0.6451777024054663,0.16970289303347058,20.6310575674903,236.00870965852502,18.777174703767635,2,29,0
0.6782356104735948,0.06876373155145565,15.6916045226578,250.865492756171,28.457695156976676,4,125,0
0.7401978054380137,-0.0026791175084741603,15.955636132068518,278.46953883069915,21.155583494169875,3,13,0
0.4763109359414388,0.07040825995541161,18.354220132671458,190.9630510156614,17.16440138035698,2,108,0
0.566367780681373,-0.20900177473233325,29.262074620110063,298.4768191960496,28.17412339042071,4,11,0
0.2146335384646791,-0.170657573801869,35.20462025094812,9.984470963895243,17.77264312357876,2,9,2
0.19391466029949822,-0.13806039362619482,37.17014848201579,250.45190284306867,20.182929618687503,3,5,0
0.6480904286681868,0.058667604378022875,30.877830049374282,257.1032008566785,12.329986612574423,2,120,0
0.48629888903736873,-0.03485935575295773,25.078581311272337,275.0101172285895,24.74801891038762,5,86,0
0.5634936073145749,-0.15331449450849627,18.862867703903685,143.45083729075472,24.006059142874314,5,103,1
0.727299063081141,0.2296855992867481,25.035458486086974,236.32677708618,25.88487985718658,3,23,0
0.6204690224004845,-0.07564689582406595,23.310378347694588,58.52411973635394,16.50382626855527,4,138,0
0.5539351085395566,-0.032380968462065285,36.75064702142844,180.9390675534643,18.72106438132384,1,121,0
0.5585498718112392,-0.05417935407060326,27.167984435265183,107.59354570903842,13.366834230543967,5,73,0
0.349239080411342,-0.1908342268339484,20.65489749886322,178.85209519859265,29.290097521929987,2,134,0
0.12527062434571032,0.13897620925814003,22.220026670394496,202.66815214749008,11.721546948157652,5,21,0
0.4581082591705372,-0.03092504263868523,18.411754113567227,104.12060002385365,22.980266073496146,5,43,1
0.275959431712014,-0.29024573406436893,37.96463622672828,64.87148979086159,24.105147891303723,1,7,2
0.43499348785420167,0.27840822141587823,16.258646155911713,96.50637265780043,13.154729473019593,1,24,0
0.7997905200798963,0.1894581669572482,15.321156213897355,199.18717353223278,17.306464116609796,4,126,0
0.2918303784095794,0.134135612455082,19.57472333817172,203.06227010184315,10.862531335249665,5,61,0
0.14780824818503413,0.22145512231111736,35.271850447765644,222.39508080722968,21.13216515173282,4,96,0
0.3307347914580372,0.2440843521633302,28.08666966577703,37.9609825718118,29.898762856472484,1,132,1
0.3407468813686806,-0.0975061761693368,30.646082184424657,245.55521707633847,18.597699136443175,4,114,0
0.6427715420760539,0.06657520705001918,23.94329188539337,206.44434046228665,29.80016440745873,2,59,0
0.5567663649198483,0.06528468552335653,16.71694963872925,9.151523007191752,12.52450847617925,5,52,1
0.7427965314672591,-0.1396201987136418,36.40395406230421,100.67935483051524,17.849086865355915,5,16,1
0.6447371030684578,-0.16682864913175968,19.797356803135187,140.01337677194314,28.039299400969437,4,124,0
0.4332372263808578,-0.23165564710858674,15.826480013627867,108.18524711604444,27.53390963314944,3,147,0
0.7674967154261485,0.09558851754987169,29.317603398329844,35.225066462523934,16.471831557395685,2,75,1
0.23691779432431723,0.1685513946184679,17.082230509615027,62.20388535150211,23.57221167536663,5,74,1
0.1186238999697656,0.15657178771020225,17.394046296495855,7.368418473039762,27.723203431155813,1,127,2
0.17383924583602625,-0.11023477368901538,35.00942578706313,27.92314840576885,25.337549323064554,1,51,2
0.6923346674890892,-0.17684408972087867,27.290239732949885,79.89003531736343,22.56952393865835,1,60,2
0.4787393288061377,-0.027831492927226864,21.037711306178576,245.99107969071918,13.051512291200451,3,134,0
0.2322428588075535,0.028088076144306362,23.71566058398797,157.99125298116007,11.460053851411269,1,56,0
0.5108567155847581,0.2514522767811334,33.23102447107929,127.3493672073318,22.292443596331218,3,139,0
0.22489592422479812,0.22489389256443243,16.658853618915046,198.6488831875647,20.00551331378216,1,24,0
0.6709827075637436,0.24963499878109657,17.912015398330247,162.45316809750156,14.760733194629687,5,74,0
0.46584814597070523,0.21015743108158774,30.406550874764243,39.45417802668787,15.855395899180493,3,73,2
0.41243740539911566,0.2787487226617867,30.174293361677684,66.78700914725687,17.8417435440282,1,46,1
0.3472399131012588,-0.020700001698565562,39.311554613384295,66.75670829718229,19.910417042450113,4,144,0
0.6168317263574885,-0.2715159015401434,24.36373703138624,179.98575378370265,17.805179381768248,2,72,0
0.39668634065378017,-0.24986278071091306,16.626940679437897,138.48730985680393,17.745833441719334,2,131,0
0.17187293383920282,-0.06583431493659411,28.4384358712407,116.2755187682561,12.314656226227058,4,32,1
0.19676483973882258,-0.14538774523620163,30.958670294044758,166.9917518645364,27.311808365106863,5,52,2
0.888756084930602,-0.1980356451833596,18.490069644656227,291.03473573476714,22.183081635561884,5,71,0
0.8450361663802378,0.27192226470518915,28.821549338379917,94.25803681676304,12.922043692040237,3,84,0
0.6737598497248146,-0.18274824695362651,19.944178041456617,156.05863009005517,18.477488057558716,5,34,0
0.31801336839680605,0.2756275633891386,36.11825144702671,144.1110046932347,18.33431824059091,2,46,2
0.8947246294251336,0.15650330419272424,35.87903739459574,214.99290952375344,22.012417569782453,5,93,0
0.7385757412519516,0.08456740327513407,25.740727399961045,219.08708039487482,22.17739235698663,5,41,0
0.6878499551103764,0.10561137605362703,39.1685797628201,218.72121642391215,22.904442739595247,3,113,0
0.46847643175790676,-0.1011154058045256,39.49434686124354,60.45587398162344,23.958061146876148,3,71,2
0.3232380807130304,0.0878562228349693,18.231277223690487,134.72794090835632,12.06708092258033,3,145,0
0.17904058896586944,-0.1879847290312408,24.19284512081169,243.35240730874125,16.09844401145624,1,35,1
0.8401339651659502,0.26262325952158766,30.008036751166117,114.45905116219312,10.346956383453447,5,126,0
0.47373655766356115,-0.11892399602364387,17.12094523953611,295.27653518697866,19.092830241607658,4,73,0
0.26593795913208884,-0.1468880926238747,24.566387595353426,109.43602253765975,18.588601556605745,5,12,1
0.3508844318035351,0.12669767891649453,21.529302100414768,149.30004820259046,24.686538603589575,1,105,1
0.5749600465323548,0.0938692308397091,38.8012555241676,142.35767844076406,13.342338932157222,5,31,0
0.24495368201017,-0.02922064899401683,25.28964557078676,130.09914074077275,22.629889142510216,2,20,1
0.802423712955748,0.07946774081447178,34.066771463687815,253.68941049588648,16.133883958603043,5,79,0
0.7219860144648723,-0.2043041569434863,24.667634087804345,46.58257126440406,17.638329496193982,5,117,1
0.6899596238797682,0.103996984441173,18.295301760470885,170.2994119241949,24.385737247429084,5,38,0
0.45431629261558504,-0.13763358288288366,36.57878825402119,185.5804732066271,11.430960971471507,5,93,0
0.6143932493760035,-0.1362984139941256,15.010422922577597,255.36639242081125,16.85565777862325,1,2,0
0.5789603345084432,-0.20269203903372923,16.398521849361252,182.76004797783253,17.82646460279304,2,27,0
0.6328742132749524,-0.10057371897830122,24.109610147426082,288.0061043363342,24.314986237033374,2,113,0
0.16924434333470906,-0.10124936381320312,32.17245638796841,261.6503136782787,13.984488301414013,3,1,0
0.44096206977989993,-0.02749259297863843,23.542607382269395,104.62198450581944,28.94825987380926,5,53,1
0.13412362256675184,-0.18574829720019032,16.657820440524375,257.97193358725036,29.955239055883162,4,76,1
0.5050724717805055,-0.1841954783047402,22.946000843353723,287.5433442280367,26.378202816401107,3,9,0
0.37048619411288397,0.02504314299793703,21.124521474754058,77.15915427737589,15.994250029270562,5,146,0
0.21850983487015846,-0.22267355719771492,15.135494995454948,183.06264199932255,23.277333081457094,1,76,1
0.18479043353249236,0.11333820479330109,28.370047829510046,84.54117370264066,11.662960633958662,4,50,1
0.581868549185724,0.2663682755175579,17.916147868604654,194.87018372466528,27.425586314130214,3,146,0
0.23988623420024663,-0.04392262700137306,22.18740721991665,28.09284136410657,20.319857425205473,2,83,2
0.8585984970689737,0.24066318789040603,31.029745755560363,220.25640656071727,13.528783326395715,4,101,0
0.5764701345543239,-0.24101004532448134,33.12789222057443,125.94594857860285,16.548331191234052,5,13,1
0.38443323971856647,-0.27422542357461327,21.586390671400565,176.19215360293103,26.014854889759494,5,23,1
0.5845507030147618,0.13282132650830397,23.22984177663085,7.758720757049442,27.40453534854093,5,6,1
0.11869917424435196,0.1566129437888979,21.17273095318663,208.63243656309848,20.39426773868847,5,77,1
0.8860185548579852,0.20583494457945078,38.922215007904796,148.79740624057303,19.606230006213465,3,125,0
0.49548881829317826,-0.26590939296001115,19.76299317468507,187.5753023063526,25.014694931065186,1,135,0
0.7418428863452348,0.16614423297409825,19.57951509084191,94.70039171285222,26.523792450371097,5,86,0
0.16783859993639966,-0.07407676032205093,26.125882395788302,43.74605202642432,25.29693624791641,3,8,1
0.4990598312872915,-0.11799742039068084,19.73265898001423,130.6286825988426,17.688561004684153,4,93,0
0.5023797353707072,-0.19618564719402184,18.917711407140203,283.193736385909,22.83851523218639,1,95,0
0.869017693079486,0.29760945306151626,17.39698844252714,68.33820799614159,27.147198165418555,5,89,0
0.5688170029483819,-0.2618018464086818,31.004281202706235,202.7517036105755,13.03521268094839,5,108,0
0.48826130886670216,0.19620480876479968,30.3020563725474,14.953063210362416,17.762733702299265,5,83,2
0.31892004373535277,0.08369666129431652,31.254072296949158,215.42993558007853,11.132377677505294,1,105,0
0.37188657782089285,0.14104826655712027,34.332500200234904,71.53115604044793,18.177545713747996,5,72,2
0.526951370026661,0.12703027195307787,23.158950319814394,135.45511806879975,25.44564167837298,4,22,0
0.4599073974501383,0.2150606910439095,37.96059334029804,110.32593017843222,13.940568868511749,1,11,0
0.11772190550187095,-0.18972475808633502,33.3301152767189,33.85210299520664,20.837743022487672,3,136,2
0.7775593778393735,-0.29950522989918876,35.11771471452967,103.67458575353271,10.731714668436542,3,66,1
0.8348518329086088,0.05911709342595972,33.02405409566778,105.03748748795567,27.952999814633163,4,48,0
0.21500425297886083,-0.08768481640599962,23.961391135814047,156.63169170892547,26.400093898009025,1,43,2
0.5543096377020206,-0.22572760132971736,22.075812201565874,291.7054598819962,20.488183835741317,3,7,0
0.18903210773106371,-0.1883167475374567,25.56292673947535,141.0052567531891,24.115739919438997,4,141,0
0.6512368762926456,-0.10095041252446627,17.425759013333963,274.32784668979014,12.078323297377178,4,12,0
0.33061170274798685,-0.25785997746797806,26.282012539148678,138.4672975687666,26.90418992794741,4,32,1
0.6407265604473594,-0.2658520787229295,16.078524577380996,32.262990262481836,24.305230621435427,4,68,2
0.6961355837152438,0.24961575289946653,15.098649000679863,69.04586858278205,12.399347934501609,4,53,0
0.7302909433724788,-0.11273835038778227,38.28747348686732,122.25530281728008,29.61378570237555,1,5,1
0.1883475756838352,0.2893384184841509,32.233421514697326,97.61063189105542,10.450608884128933,4,49,1
0.8511297130128386,0.27862020499824,29.046173676649225,259.7487862597475,22.57021725185547,2,116,0
0.2887754725338023,-0.21445723060373173,23.527550985576447,203.5936806589654,13.435099934816336,3,37,0
0.13067829606446743,0.12895458173771457,29.263450367126854,173.49253557560203,24.385152984390736,3,129,0
0.5549790249010164,0.06048293347624151,37.28939440845829,147.36886537100716,11.40812507937558,5,54,1
0.4041562727671998,0.11438824386309215,31.309503348596614,119.18118548672005,11.622017656862322,2,2,0
0.7804275893685788,-0.24228539999131513,30.062049948837604,183.6577319496034,19.325834811262645,2,16,0
0.7627662070927275,-0.18686395281926516,26.50511257429195,37.3821496333143,29.880189308038258,4,121,0
0.3600538921146266,-0.2540168031294711,23.64242576627145,48.759956465071696,15.530324795413025,4,60,2
0.8813775039571909,0.062480523130242716,32.46367784804279,90.93490601900999,22.25056321513045,2,147,0
0.3385526272748973,0.29195464550945466,39.52452352539535,51.355384938322324,20.37198148748471,2,118,2
0.5223468459700059,0.10319072259476486,25.618942338014755,203.129615707445,26.84239219300875,5,4,0
0.3098913742654343,0.12645692101315775,24.80513010035502,7.430496421873589,15.771792154103203,5,46,2
0.86755572744015,0.29075102492596866,25.70283680912606,48.05324750002503,21.098887614229724,1,108,0
0.2349784104172549,0.10680693250307771,25.63859920124304,270.782432849641,29.012470302103615,2,9,0
0.13682670790170978,-0.2758910564229178,39.765619334212374,299.2629444666261,16.65171616672115,4,149,0
0.4567795892024912,0.22020336051395856,32.669456437733515,146.27714334842793,18.788111626203623,1,24,1
0.9137479625257864,-0.08119302577272222,23.979611230264794,148.6110219065275,27.77626629007343,1,119,0
0.8311753583290294,-0.2973818270911708,24.287559345668065,232.01962867123146,16.649977144689156,1,126,0
0.7138585759546984,0.004340506536492317,25.769923118601394,10.856873286172519,17.613475292676313,3,75,1
0.8304498425203904,0.2622090005257582,15.917804689511243,128.10644457029343,16.082376177553964,3,120,0
0.8326262445522479,-0.14560158768301007,28.19541005053125,29.948364544487948,26.190627506501457,2,132,1
0.5254638555168882,-0.005092096168296034,35.284523788069116,120.27791479694578,28.6077394087556,1,110,1
0.3590618225012503,-0.19573386733056553,31.514194830187765,295.14655233866245,22.621977613338114,4,106,0
0.7330501943310102,-0.26538439700013594,19.96052116903854,226.08998424100832,22.472602625193048,5,58,0
0.6425622357975641,-0.2516730319721321,33.20085603445925,295.5137627055654,17.800072394263502,2,43,1
0.4063993376764423,0.13620654357681328,32.98646515830076,223.8145877011805,10.249674991429934,4,130,0
0.17746266781044254,0.21844468244528942,21.563480391224928,182.4330215419765,13.478751976471466,4,33,0
0.7123674813062013,-0.21402069644850535,30.57186642142338,226.26624987817303,12.94876709180469,3,62,0
0.31521762305674905,-0.12700885931371877,30.273725828048406,197.72750189129542,12.317640056260736,3,76,1
0.868186783437699,-0.1829823194131036,35.99469059640454,139.2198089705725,23.080946321067906,1,58,0
0.2975958715046615,-0.28388653384414325,18.40180779583603,87.763900201563,12.726979047475952,5,55,2
0.20066150457741855,0.032058821932190174,19.87096261278807,156.05341780030648,11.712679050734385,5,89,0
0.7815123911424231,0.11995330208258853,27.14923759419513,77.54804217042916,17.651630131237162,4,49,0
0.22569313963208512,0.08872648853104226,16.103628722307676,146.0029039326436,14.98045325935797,5,148,0
0.24700001268934607,-0.06716787161865143,25.389854940042664,43.8406217763258,12.917210912717644,4,26,1
0.5914938890470918,0.03300614756394321,34.70547604999308,169.61852969101224,12.922557511171359,4,58,0
0.8171408734867209,-0.24354041601826518,18.717859849599954,73.58510724363143,15.124114135655315,5,126,0
0.26107642588595004,-0.20741776876638934,26.49871842341312,88.0824311824709,20.73699526752083,1,71,2
0.3544654117780778,0.25907677173179006,39.744230834561115,149.7084425347165,25.161912001825026,2,105,2
0.7374719673577657,0.1569046486919381,27.64800033562161,48.757875906474226,27.05553286504279,2,97,1
0.8968976693699933,0.25364345749510037,27.458095603052264,288.71396509077573,25.028356994777003,4,49,0
0.5106077726859207,0.2500081706996203,28.969839593104204,134.08329461786283,22.564265194083415,2,111,0
0.21799595209202566,0.08963557026464442,19.65010925831853,105.68376888802533,28.152491550389666,2,35,1
0.11142775592072528,0.2569431888672991,18.679097067148607,8.758981527774278,20.394736054685012,3,112,1
0.28831794459906135,-0.04997753815052208,31.933865727877713,252.97630893366986,22.66713681707383,4,19,0
0.20809421858494725,-0.29783025312903544,24.894170247644254,187.7501745919153,18.232411006637367,3,104,1
0.6556801123625432,-0.26245733049230435,22.247665705386893,124.92154645238918,16.54768401761492,1,16,0
0.19990265379539554,-0.2343076045795109,15.78479049799744,73.65983980154272,16.634235589225067,4,130,0
0.515190543928919,-0.24278792809028382,36.151262429462065,223.54122560261555,12.966345634245855,3,93,0
0.6692951972271669,-0.08897856548984193,15.808221646120819,283.64237272250017,25.931953013477028,1,6,0
0.57651561956114,0.12076248426561459,33.749578102082985,114.24291169560607,11.107361686670876,4,16,0
0.26381603436124723,0.17438928396029696,24.549713974964526,40.46282051376938,23.493704875290398,2,28,2
0.7593821114694554,0.054127964606774825,29.967195262616254,32.75842418182121,27.289203856740716,3,144,0
0.6866338462849574,-0.21213829526581227,21.191950017254058,1.9085917001657737,19.948566939707344,5,88,2
0.7059668832107443,0.14874096128890513,18.884991655801826,223.18663223151657,11.404015636831005,2,41,0
0.20746735627699686,-0.08711884851744062,28.334700020873683,294.41861577050116,18.568349232737816,5,41,0
0.2014781189932826,-0.2922039907969222,32.39044237385359,297.84532582607045,16.864532057646997,3,3,0
0.8606012918253363,-0.13164682768035038,19.887332373628663,235.25917630287765,29.710786385988616,5,30,0
0.42601411893645136,-0.10163966751541326,25.908973685814104,48.65513348881307,23.825304032378888,5,128,1
0.3467779272603706,-0.13545267886913825,26.116374257284892,293.31283677393645,24.4271960965784,5,89,0
0.5006389171882574,0.18712209191255136,20.39947872698657,98.34403290058528,20.31653837924462,2,55,1
0.6435486544661376,0.15595583855645417,29.12623615630328,100.0858828477631,24.18828508884193,4,3,0
0.8836110707785154,0.11733121824758486,18.648392169542518,206.20108586773168,24.451419534443364,2,51,0
0.33488590604328516,-0.2165969528926408,27.7437293329645,14.714756122335416,11.327177614922096,5,57,2
0.8583429120358622,0.1847003458237692,17.835787784149986,247.73091897226777,14.452130489545407,5,17,0
0.12038478293673019,0.10630557699799426,27.138560221378434,299.1891829463232,10.259351108577722,4,91,0
0.5552623947079963,-0.18309738811116488,22.78997637188892,232.5209334269752,20.196148118571436,5,99,0
0.6198595915784898,0.08885635816890985,26.306157302038375,234.50294736219996,27.51599709672053,3,149,0
0.18683587107561772,-0.00989301539779136,25.843733986079354,117.0941011699653,22.191090693906567,1,53,2
0.2150784695924084,-0.03638996288626495,37.698328070464825,19.776416704697077,20.004150556154187,5,41,2
0.44367374183936914,-0.2327261019165667,27.24838999891157,237.800230270327,28.519316952212797,3,123,0
0.892310167957409,0.010982565507099196,35.462472596921856,179.14742607144015,13.444370220435077,1,52,0
0.5887548936521858,-0.2400409146165818,20.64130982279288,272.80160673662533,11.492086163153715,1,94,0
0.8650790417121732,-0.20144796764744,23.80206986585647,34.78887005004976,28.346114728194355,4,110,0
0.7595759508026361,-0.22047221143514237,16.877234515829773,91.5369189282325,28.055635098376264,5,131,0
0.48325291327533904,0.2724649674420046,25.518694870537338,108.19684611701594,23.65944972425899,4,47,1
0.7435060283867937,-0.12908118573366595,31.717497176873273,204.98391256340744,14.919583241921039,3,93,0
0.11462616286112995,-0.08687740584239537,35.954175852734906,236.32354893094652,29.395280494087416,2,19,1
0.18949807734790267,-0.10675163622237835,29.14787279497888,288.30612257532607,25.306927036076534,3,116,0
0.7801314642038438,0.23895026710688622,31.001816739826964,88.62214749724633,23.477891671693385,2,6,0
0.7533900124266326,0.037779546800933095,19.431676940423703,148.0909225692742,14.458226480308955,2,104,0
0.29076540841247567,0.251495939359987,15.930150955835984,8.688279024389523,20.261783432662313,1,31,1
0.5352310642912239,-0.12004505650326266,34.792203629432905,75.89636343266636,26.451524825939995,3,69,2
0.596932972974009,-0.23109919534083062,19.17595518603216,112.2010524358921,27.20520449464572,2,11,1
0.8115459420963292,0.03373107163450473,17.27923838831881,178.14186195763446,21.22860231602536,1,103,0
0.5945478690177551,-0.09267780492598948,38.43905802266488,141.25364807975222,20.455876874385282,2,72,1
0.4383086868044179,0.18114410009444898,39.08803410147941,109.3425179330992,23.95367656615281,4,99,1
0.40683091559388984,0.22765404534699513,30.406432290062366,187.22338995880247,20.564976886249458,3,52,0
0.4492233108262781,-0.01645589345575693,24.465931817182337,248.5847031351001,18.353620761313216,3,1,0
0.6345834409755788,0.28281541445130504,35.8309885241013,72.50433989543677,11.708380228487773,3,87,0
0.8113423180369065,0.0318078038066435,20.117998983385313,102.86276377812369,12.520993514311602,3,104,0
0.4721954433025658,-0.1374477639682125,25.734808185742047,211.47709490610598,25.20550936401335,3,99,0
0.30322844162011364,-0.006614690793435296,23.925432475015043,233.38217962755908,10.493281292485362,5,39,0
0.29406313765801656,-0.2776138245582434,37.81749976854204,247.61906152039418,11.046100515952173,4,107,1
0.7117317097996261,0.18240069615784055,37.99443538405684,62.799365669108596,28.09287156172835,1,81,2
0.7695863860076065,-0.23913896948734742,31.27214815809166,161.7800883733247,24.0799422690937,5,31,0
0.18632802548038246,-0.11475090689819703,17.768503506817297,270.0033295575853,10.084254438282922,1,16,0
0.1545782627032461,0.03918992820296602,27.054819741457564,117.58513652744752,16.240867487097454,1,48,2
0.5874356042802905,-0.27421492461186064,21.13320915560142,128.96492706646671,25.266369211910895,3,3,0
0.2198620602380126,-0.25240986049113107,37.122891579612045,295.44688317020575,18.352015999545113,2,107,1
0.7762246361741999,0.11766981456780767,18.460069975405048,33.91579380975163,19.375956457162232,4,2,0
0.35447443261774103,-0.25693374416353876,16.357756896517685,211.6805968384908,19.17598122092111,4,7,0
0.217974985036337,-0.013750280251574099,32.61072583875196,255.05523811226755,14.042688065180812,1,23,0
0.8551957874397093,-0.09678261994754978,26.332151874203824,45.23805499020522,24.427828757965216,3,48,1
0.23573601264292812,-0.16315235522615013,35.95912219007711,214.33597080217123,12.060126610427393,4,2,0
0.3334704675171072,-0.18673266128180074,16.865740779232794,140.92146660313267,20.14502211093342,4,94,0
0.2259629840574881,0.15804677623954766,35.026903315196066,255.86726540239297,13.399116549187235,3,19,0
0.1947018522055911,0.2709253158901695,15.933368821103958,272.2356950507718,10.93065619154312,4,120,0
0.11734137339588083,-0.21589215467800094,15.701750297848925,261.745470946372,12.864877688943366,3,83,0
0.1454242355146933,0.2758087315044762,26.53289379327574,19.31554127370383,27.386698726234833,2,12,2
0.24320600616739924,0.05685750208506224,20.532282242016294,227.05658304449227,13.522953295609224,3,60,0
0.14377318475428383,0.08499624321795424,29.842967675163266,276.4582724957488,15.56738418024701,4,21,0
0.5847379292109964,0.12595582688554913,15.64542485528676,186.4045322012793,12.761895764408123,1,147,0
0.6581859119755953,0.12247133421274858,15.884738559074464,180.26281814354707,24.710902033155172,4,88,0
0.42277697460226316,0.19188666491141293,33.17871240429851,13.501616219433298,18.908983345130032,2,121,2
0.36075269950068056,-0.00991880919138155,20.25412906230779,256.80990666178155,28.872700772901418,1,56,0
0.5137115143582287,0.02001515250882069,31.41042809151834,13.921068248748458,23.286491644958048,4,22,1
0.817504052632379,-0.10570379852195047,33.74805403751896,94.05288191540218,20.627784409735433,2,35,0
0.7979279339942089,-0.23684544373012978,16.483279143124186,277.75891958616467,23.132618632563357,3,62,0
0.1356495508504894,0.09878411455573144,34.24384886160598,284.92354281885366,10.808507664193282,4,115,0
0.24882869586914977,-0.27983401848824946,21.710530449032152,297.5701621427768,29.013205202573808,3,64,2
0.29413079430560474,-0.13461896934997902,24.738648954993707,142.92068568386586,29.128592208344962,4,139,0
0.30449781218241373,-0.24346208133233982,17.165979807382918,53.22886391430325,15.522797371110592,5,54,1
0.5684107744290736,-0.18556370560636914,35.96574958412132,146.38334604872517,22.565909654862672,4,34,1
0.44133518907661773,0.08323854773842848,29.018219658144098,30.693877524914768,14.038304882797492,1,74,2
0.14038837834062706,0.07708597812295093,27.616631946179304,261.7608326909909,20.949435892009177,2,16,0
0.4063635935368487,-0.04736705220257276,39.21387027256889,168.16116997995147,25.41578478248787,3,100,0
0.5294774179484626,-0.2458968141063053,23.36264399851677,121.35176975002658,28.796434496107842,3,15,0
0.1833709603810471,-0.039975650124355,37.2694821619174,23.85921074424132,16.78433846531344,2,96,2
0.783436014106619,-0.08835307688502395,32.9921970266151,121.57220304498914,23.87010526085523,1,57,1
0.1426087305013855,0.13227549171356984,38.21320339630597,259.8574825170327,24.328542286943588,1,53,1
0.858370332594811,0.04741596491943101,37.69505131906149,211.02177974316382,14.422976023294824,1,91,0
0.1812727760954979,-0.005060539597800617,39.77574512565174,24.736655253289975,22.580642629867846,5,105,2
0.7917314603101573,-0.007810750617002871,18.29191880092894,47.97215991785275,23.108425783755532,2,139,0
0.840175578020646,0.2797781323562513,34.90040980228987,117.69254721225138,25.281522126920684,5,43,1
0.903247958081006,0.15377653302207028,35.11235887368758,30.412524805775597,29.998945149090673,2,121,1
0.7576612218243467,-0.0018122637239232908,31.10933820446217,280.2123575979813,10.804647388529611,2,125,0
0.7391715834324898,-0.012466432266613425,21.97152395595505,195.68761338926276,14.046100873551161,3,149,0
0.6268362863163491,-0.2841125392170219,39.12870679070788,28.446900391183515,12.901568638394814,5,144,1
0.7387770107540658,0.26550555799188397,20.11055344725524,236.41723871413822,13.08868104841405,3,118,0
0.21033281089878061,-0.10849561693960222,27.489384458960977,110.52177857158286,19.0849732124393,1,44,2
0.5395757894770626,-0.14643655087155374,28.037177820479656,73.46119336596625,27.570731132258746,2,104,1
0.5216627535561399,0.2996453552326028,19.04573362090097,170.9954825819073,18.974465381355103,5,117,0
0.8032091581804972,0.13121380290271467,33.063220558331025,4.011639936162393,23.369607956688263,1,43,1
0.47949547978668305,-0.2715817360204272,17.221679104505995,139.6192980312765,17.529982850604384,5,122,0
0.4157733868022899,-0.2628687137846541,32.32744447116777,253.14149792855088,16.3932663062223,5,105,1
0.6244418824144303,-0.28469906162388126,36.21538740726592,278.4172787956705,26.684703696580844,2,73,2
0.3184999203506938,0.059771339707721416,23.73491062705999,102.76641132493192,23.110950202368393,3,129,1
0.21461009698224465,-0.2570612999628289,32.735520214980006,192.7309764495133,17.01790576165072,3,13,0
0.49185936469947156,0.2600330141069584,18.919350203696247,68.04703151065007,28.2832052249433,4,102,1
0.44184928224780573,0.2621439240136067,36.14872503632196,168.0639212954127,19.970231302352893,4,117,0
0.2907073512336764,0.02763244004884785,38.80079246383062,76.20831784595671,13.76549494598577,1,6,1
0.40135968429440505,0.06998335883757051,18.817342337494424,171.40695258823587,19.664437249353625,2,61,0
0.4004418088575229,-0.1248633590848501,32.29648684930831,51.516635187969285,23.493988758669516,5,77,2
0.36854636281828734,-0.261616474555036,27.645777413913144,282.369767028223,17.342251785123246,2,31,1
0.4111605453760818,0.14247626711508932,28.287483295809466,266.0752429221875,26.87569472550787,2,131,0
0.6623095432738753,-0.23892840675058952,32.66224296501721,101.07547483465196,20.66287961212202,4,93,1
0.343438709148454,-0.2486654153889641,27.218512483410933,232.9988666774828,19.355295598689324,1,41,1
0.8780634999065792,-0.11326613447746572,30.008159800442918,28.651239219658365,27.17422846527437,1,65,2
0.851405376021306,-0.29252060409727076,20.77252548528443,222.10827261162717,19.25835612932306,4,16,0
0.4943465512060644,-0.039578630546210414,24.462664912215757,84.73773888381125,18.28820283701633,1,13,0
0.36925618810384486,0.12460854604804605,36.63100875178755,40.692530602758694,12.07432790666992,5,111,2
0.5390565276606026,0.18080935885316335,17.74756279120964,203.4573653710841,17.249837577139303,2,147,0
0.7958196007943722,0.06258438227935276,29.939381523340998,140.94204534581678,17.940966011261636,1,41,0
0.6351216192592837,0.20812452186834757,19.607176555872257,159.04188051913317,13.612446384489797,4,36,0
0.7596012989166036,-0.056098677739733815,36.1634899480843,156.15893524137624,21.756464034263352,1,102,0
0.536832266373907,0.209263251036286,29.476098846338743,17.83439463180586,12.876841411006954,2,76,2
0.6189924559994491,0.0038839862990275864,25.076219566756777,15.414074727803106,14.47379577207782,2,20,1
0.3362876036296186,-0.1661783232010228,21.245616841295448,180.35025118442908,21.221839714502813,3,100,0
0.7026123930944385,0.2664873879962795,25.92111747974086,187.15939270662497,15.379671294494742,3,31,0
0.26597176636308906,-0.1350174756977301,38.940308148043556,14.15236695453438,22.793366202567068,1,17,2
0.6697344656311686,-0.2842791094873241,27.730232243590514,113.53179956634533,23.81026265841409,2,69,2
0.8057896360272332,-0.15439557422698383,26.737238292496507,183.85538386812823,16.025808212133008,1,110,0
0.20832432658726602,-0.07998746324554334,33.656845337507725,197.0041967259229,11.7477536299344,1,78,1
0.6037913872443742,-0.08919019002644155,24.476176770797668,248.48272778296544,19.789036676578366,4,97,0
0.17797851354854638,0.014800505666142993,25.685598747019853,126.21968507906426,11.857968401836343,3,35,1
0.6950868151825701,0.22987612922155404,23.423693289290476,164.47733434409062,20.304713630477362,1,74,0
0.1692844394352866,-0.1245970637341805,18.772993883234786,173.56811268264516,24.524356842579202,2,106,0
0.8674706546145133,0.012462364775501333,32.84523035506626,93.6135849900957,22.40659582941607,4,79,0
0.2126745026309978,-0.09591662778691237,36.82577284709059,16.14762073248348,18.96535282424035,2,35,2
0.8862818016454459,0.19306383562392027,37.63981623106914,1.267777861531394,28.91717095795095,3,143,1
0.7567250243897793,-0.20543909202691296,37.020073450944494,250.83762483555745,12.03494466164341,4,10,0
0.5868192436624105,-0.23789383901396488,26.294595060949824,60.06954675671591,27.600030138238626,4,136,1
0.7417517657962285,0.001797151942561026,22.101654805079907,189.07639924774065,26.00257745282406,4,108,0
0.7519941679661305,0.10313255145929512,30.948093740020585,173.11424359317587,18.39477160729169,2,16,0
0.8757421915102108,0.17731512065445992,38.867622797650796,119.88992302215568,13.05734343801429,3,38,0
0.30777435014813354,0.053774911743189824,33.176266204215125,250.04799261019014,13.117335715552825,5,55,0
0.5838622341938136,0.16430985679140037,27.371214039753916,209.5204787080137,28.436115214855946,5,143,0
0.177940342002809,-0.06437396486344574,32.2202143628362,6.822439031751881,14.674093285565203,1,77,2
0.6052558740197794,-0.2802793978401186,34.31344781135992,233.00822200700543,27.482314159756573,5,38,1
0.24045886935608685,-0.23034041525906607,37.98173153320177,152.0996454005287,20.065904398605777,5,137,1
0.5632595014074023,-0.2767664392626023,34.08039384930385,104.10578672485406,19.23469273454733,5,17,0
0.5693930215077568,-0.10263380971410441,25.829763890897638,218.06539695350335,22.390225351676413,2,122,0
0.4821078254446064,-0.002705195238790592,21.840162961637102,205.81968889388082,14.300781657864658,3,124,0
0.5285580559207608,-0.08620950980583636,27.497041618239784,93.17647136068472,18.56741348119388,1,57,1
0.7264171798054021,0.03635968503983533,23.204448615136794,294.91166144936443,28.769688776098597,1,6,0
0.7553806675398946,-0.011634510904327378,38.56911481719535,194.61254601352599,14.765138579574996,3,132,0
0.503565636771852,0.10676568111836415,27.699146086249055,181.7339137361681,28.431671177595035,2,145,0
0.5916666220485421,0.10017729813804371,26.801408399100207,20.96410904453162,29.884193932183575,2,56,2
0.8636137132658835,-0.1091615117347923,23.704905453871575,83.79563410342124,11.038143761509936,2,27,0
0.19818154257092072,-0.09227132678334507,30.985174757290007,134.09220069793244,20.62758245182743,3,40,1
0.19602492403809063,0.05108869298478197,28.001281965523695,189.18771129290292,13.436385993873772,1,20,0
0.1719213897668301,0.05785948073450509,18.226223072456413,153.82908921911334,22.434285119133545,5,91,1
0.6394478937332329,-0.11118005181772012,36.730195270762366,228.90988004141738,29.790852864297513,4,77,0
0.44325880664811124,-0.10180926853474487,23.97532080359496,78.77031374037057,27.937617908364118,4,53,2
0.7349435612363114,0.11642700791168825,25.814460748953856,210.6470985847453,28.49696923212707,5,97,0
0.650409758913046,0.08844649372564173,20.141676416589476,244.97911406734875,14.266996266241987,4,93,0
0.3735829618291553,-0.21896951719213517,28.83495519044723,229.51499267488597,20.84639197778603,2,1,0
0.8366605688364593,-0.03537487219476393,32.55137656071457,231.25397537641004,14.696620327899012,5,61,0
0.7252763605979349,0.23562364722635415,37.02913301564849,266.5521171786496,27.988494151553024,3,129,0
0.3218386515463441,-0.2782165943373149,16.290191624306566,25.25356274414685,13.823079861484931,3,119,1
0.3986374545730843,0.21309836789052822,39.33329774248446,209.1574714122309,13.079178248183997,3,128,0
0.3578407837674956,-0.20209310576151382,32.59544355050892,290.6034603349383,10.243252634280376,1,143,0
0.22924155187249973,0.004349179477029563,22.107467110287935,172.09519496236146,13.638957201732433,5,9,0
0.2211823654845972,-0.04539814264619313,20.111868875349153,65.19489359531778,13.795256937090656,5,40,1
0.8676245199681102,-0.2939223975951247,22.402197966364948,299.6261417322639,11.549803750512233,4,68,0
0.45908131050297774,0.2492381622537792,36.89314379166106,52.40318784644368,27.35482206826318,2,76,2
0.4143222546774761,-0.027044863599416602,22.28475432989876,100.6673092124578,25.59995617392248,5,117,0
0.6983422811154499,0.272560966056369,26.570528363930894,51.61865652515034,15.089629946945136,1,108,0
0.553454313507378,-0.12795365941246928,32.64345135605581,139.35386062502047,25.66515406622405,2,105,1
0.8676347892075391,0.21976546404958347,36.79974659309714,125.66280288328748,18.443290935935966,1,23,0
0.7398472250057017,0.25343374439737826,31.464279058652604,147.37226895317184,25.510406186963692,2,101,1
0.4930830425821231,0.034099449822468375,33.82772991336057,278.39502001662885,16.46015303670347,2,119,0
0.40861476825427756,-0.1783933272793695,19.33316990739889,143.49731575026752,21.293084529757543,4,112,1
0.9090378668379441,0.11114845926343203,36.93519569227847,154.38789786409325,17.63221083908337,2,87,0
0.6885633935229877,0.0293868399176761,21.892979590452768,266.0046317755404,13.753516340469382,5,13,0
0.8799796212031498,0.26671779951157554,18.20945410141289,245.32739820444968,21.712657680040017,2,22,0
0.19715243331797394,-0.0364367629137049,39.406107258516734,71.91660936763327,25.016615999557022,3,111,2
0.7974376169364418,-0.1388918114161068,20.040998136354027,3.8777865686550617,25.062142491882977,3,130,1
0.6224005848727903,-0.21702779910353573,18.41629925194941,188.84987766061533,17.12578836638487,5,123,0
0.19997577623479235,0.1191801412120077,30.650522502544664,253.45494715125602,20.374235368116558,4,64,0
0.582371559974761,0.28446577138834933,22.971578737402382,165.85503378312,25.275571971701726,5,88,0
0.662599019386468,-0.2829937376571609,18.333730129512332,63.353076003853545,11.089951890451816,5,26,0
0.11008820242865433,0.14426721286687605,30.028027930396902,222.40652720259203,11.437766666017206,1,88,0
0.4725407287102322,0.2561582175358,33.97463068055589,200.86178478338098,17.524454799441546,1,29,0
0.7768275991809834,-0.25513107946359037,34.829959355178914,169.50976122256586,14.469432020579337,3,119,0
0.3421944007821537,-0.2338979729363201,18.88781502530681,259.0008522062951,17.492920391004407,1,117,1
0.476009427074812,0.1151742590698252,28.92167669849856,235.27270588170984,11.87506159719247,3,7,0
0.4626975841956724,0.088778025537473,35.341959267036515,200.3856274268341,21.840160613505752,3,140,1
0.3475804609828431,-0.2587035508102526,19.02717528560463,199.4276007069655,23.43481011988709,2,119,1
0.8531223543227545,0.20065365129069385,20.192056294266873,198.66079028948246,25.836810157878126,1,56,0
0.7406611090538431,0.014054308706935414,15.060284935791941,157.5494234749692,23.010458761506538,5,67,0
0.19068249701681061,0.24431842400196752,28.115853909882205,139.1764933931541,17.927627900121514,2,11,1
0.91756841942681,0.2267945285956226,19.867042421548774,212.8801378496159,28.698564496357154,5,140,0
0.8209440199323511,0.18750466143009942,33.106064393172474,183.14834444106933,24.52664032055981,4,15,0
0.33280491904851195,0.009539337746652776,39.05534639044014,146.99416869016292,20.55362491653551,4,138,0
0.7862551953219694,-0.14897361495034064,20.218887224976758,37.99840617331248,14.137008166711844,4,98,0
0.18726401613453397,0.003585302346679531,31.227425294088317,210.57863659594966,22.979499734724314,2,137,0
0.9192658789888757,-0.23951317331893196,20.295861536462784,193.7995711733896,21.83441050171912,2,55,0
0.6458614836073603,0.09530768908405568,15.450171474492599,102.67452779205108,23.66659997875093,5,134,0
0.6331025127582135,-0.21961366846259542,33.963854855364616,106.89694986452302,25.622495306166023,4,63,1
0.17416139612698886,0.006703777500433827,25.85011691627232,74.01671524057568,28.30099237956448,2,52,2
0.8355673870952327,-0.2673708154999093,38.66967153786633,288.57457690950565,28.981131827162915,4,50,0
0.12377959262766494,-0.12029250583521248,28.357147053585138,258.0604088606168,22.603710042511924,2,142,0
0.2974790075937406,-0.1607517235981273,18.937071724392098,168.31470882366503,29.319120715066866,5,69,1
0.21727793763664072,0.0720189256270023,26.24436104493195,120.49594396755427,28.22844798001135,3,71,1
0.7369497113676192,0.17207202721350523,20.07229487015041,221.04757910892698,10.052287140304422,2,96,0
0.26252746631457624,-0.2656182272756843,36.95073181716437,158.31845283779916,22.752349324920154,4,83,2
0.8467233462473259,0.21017021109323047,32.272579522188124,292.7553101745342,13.56938819668127,4,81,0
0.6381406122485419,0.2164606169727627,23.53097011636759,16.536784176646368,15.903853089169967,2,56,1
0.1296534226056509,-0.09463855542718633,28.195508070178512,10.285720216042538,15.950003994711777,4,24,1
0.10445246398553439,0.0954024395821933,31.737004705325713,170.583305392012,19.66259279274215,2,149,1
0.14235949195180714,-0.05843218097793029,34.57144291613563,60.98376680667202,10.217323559867328,2,73,2
0.5968586456711368,-0.20748547068622109,17.003680246763544,181.29124906505774,14.71592816049313,5,145,0
0.7572150849047206,0.017197451137866193,15.56297104988117,234.42690856415322,10.582419139196732,4,69,0
0.2956133129144586,-0.248184195299042,17.861317429247244,41.432928355461854,23.011171314384757,1,89,2
0.7965152511969198,0.22708329323759274,24.874907754314073,132.1824672568584,27.785751573856665,4,81,0
0.14693019092567353,0.2545738556457651,26.667665252052302,206.60012503480658,29.955773196638642,2,144,1
0.7567903599861745,0.19296788220684213,18.41154075534621,250.15907120189138,18.971137835641947,2,16,0
0.8607922527412699,0.03751687245358715,25.278828447490135,148.9032270109072,15.202822205883056,3,77,0
0.7331288872655921,0.034559154675272985,26.04056965904576,61.84607607180648,27.062071934613847,3,23,0
0.6724590428624825,0.2907644259605579,17.727249091937168,175.73977667568988,12.263170350809457,5,130,0
0.7871437792974142,-0.15125898610129027,37.91649900489335,136.35512061749986,29.484779621122815,3,79,1
0.1329240656285945,-0.2544309804568755,29.97864818969269,231.57762810134577,24.296749094364046,2,138,1
0.2654613307896254,0.03716455416070663,24.713388261407054,166.6728192608844,20.07869330734828,4,41,0
0.20243741703062734,-0.10272864131393802,27.672679586805167,83.82685349112924,11.933010746484667,3,24,0
0.513715411958249,-0.10659673631517344,22.85493716172017,226.31787591635646,10.363918714195428,1,94,0
0.7110542652296525,-0.2957487874980312,36.35827579111482,155.3241038885879,20.890643949638783,4,21,0
0.616609712552647,0.057743645728759785,29.37537603921259,53.26396568349825,18.27701014880043,3,55,0
0.7979275018047868,-0.14157977863463156,27.372395359838585,168.92169694259835,26.853289887240734,3,47,0
0.22727465380169454,-0.1872848710843914,37.77213507738994,284.49601795376185,22.84610959386874,1,33,1
0.7023892953868325,-0.2757408411641978,35.9494924558517,211.65487828132083,18.637926929913903,3,19,0
0.2582940225125014,-0.08138305411463323,35.32004728564623,89.64100843739368,14.520141202023877,4,98,1
0.32202217608059625,0.2273813234318744,20.640230105796103,213.26195258785742,19.608444176240123,4,113,0
0.6821218517706692,-0.09799751544157659,18.82807778670892,84.78189330065368,13.259885575723132,4,59,0
0.9037679236169192,0.1074445260717562,32.25241299281869,162.80665126237855,23.340253249463707,5,42,0
0.6014657569011971,0.1539281780411444,26.716056408534897,157.97872913626583,22.1145814493152,3,23,0
0.1446902582928624,-0.10313951448588024,32.09281782392109,74.2172636735411,26.201427362524058,3,101,2
0.6053733553405769,0.19298444100722473,34.01568080277791,104.3643599639454,18.990585444845525,3,121,0
0.13472745229573702,0.11512779580016946,22.382837683618774,282.6544364358137,15.572970660550581,2,82,0
0.8249994833207901,0.035545337220570905,22.116260828070217,75.17956092463008,26.72790718471511,2,64,0
0.681854193782509,-0.29940452156962266,27.27078915645459,240.30811308929577,23.819941629197693,4,97,0
0.24196483406645267,-0.2789455404463151,21.838732838162436,200.21117400364201,24.134183281187,2,137,0
0.17521122477584244,0.29451950646363806,31.682381900404987,159.78873975772936,20.561691428126913,4,148,0
0.25049724768186155,0.16937035410213558,33.668261147017915,41.25446083954903,27.51957229773746,4,29,1
0.9036222872344379,0.2625391552637682,26.80097365133111,61.37122581191334,14.555670149430718,5,71,0
0.4760197268159617,0.24138192295081645,33.094994139966076,53.69328707712118,18.03384050705841,1,131,1
0.7429463776399545,-0.28773421011434946,27.760939226769406,176.03827769212572,25.924651433296475,2,94,0
0.621854840528377,0.17510837387464434,32.82179304917523,292.0149590155434,12.659218039373624,4,122,0
0.5693787829660827,-0.029312553593307256,20.624206194893134,263.17177883249843,26.162189860324293,3,149,0
0.21900680882534077,0.1737349224003934,33.47107614832605,7.575564878873175,17.051904414616807,4,15,1
0.8757400519176379,-0.2959705295019689,32.87810058642545,82.11798733870395,12.51007398060734,4,91,1
0.3471009586620687,-0.12708041927966143,21.66514267622944,47.17723768110665,11.582989710704581,5,79,2
0.5739741169621846,0.1507942654747813,28.899274776004376,292.7033525693705,26.860574375074684,2,42,0
0.6738162745630343,0.17581247316095383,36.38279169686004,70.68307037934451,25.572310912512712,2,98,2
0.6323711873011533,0.07182876072877437,21.238066174310973,60.393955511638175,15.760826907790328,3,15,0
0.8712874159503251,-0.11924628633224174,33.39949460036691,186.26258807467778,12.327243784749564,3,74,0
0.22171997173444757,-0.11378244522728223,38.84916792867217,166.85597507243594,14.944688520754362,5,62,2
0.5168492455264926,0.28005837818521956,36.656047993939126,67.75544513437046,14.259752713873514,1,58,0
0.4313082004074281,-0.03647269245947726,25.038002067006904,201.10945936117267,24.661113033843964,2,92,0
0.4888183581757469,-0.03172466985369776,30.18019332470346,29.102163388406744,14.31126168713835,5,141,0
0.19775837148215059,0.0313996501444197,39.7942533563176,5.810719809267651,14.321970435352503,4,142,1
0.2099575800956676,-0.05429859788136676,29.21093528439296,24.72443721190405,10.645362649977109,4,105,2
0.3280219475406311,0.031602938758448496,17.875690060759165,109.46046779273179,21.93719376619036,2,49,1
0.3498577750838817,-0.04059874633946525,16.135768869469022,292.5048983624452,23.779590965122146,4,144,0
0.450880635218707,0.19602895176131202,34.75786274360071,164.17409964280918,23.06980937896168,2,149,0
0.6010097885700352,0.24543061187897036,25.590708135046153,226.41783090464014,21.37198312312157,4,126,0
0.6203958762829757,0.25926615588921703,21.17032226572986,96.4487256694678,29.321498976816706,1,130,0
0.4376849352001676,0.038577723497631944,23.691800766523677,215.80171964499874,19.454770243541763,2,122,0
0.4352021497315317,-0.034710865521302814,33.93432166366131,289.8543594367072,27.202730162424697,4,114,0
0.2784553918915088,0.12314403527510276,26.631183390845727,107.32826708461599,22.920198207546775,4,108,0
0.5824111236953868,0.20299415477754396,36.71248731314691,299.7178304205075,11.68323881375672,5,95,0
0.3599735472801351,0.0377893452398263,33.373139719442484,191.52298530949983,26.201769219521786,5,96,0
0.12956906410743824,0.11998861309335679,39.35035376113562,224.57742373941716,21.687770833796364,1,58,2
0.4430880362086256,0.1498376104327488,37.21259416974608,75.65017165444499,23.07051318650869,1,133,1
0.4887887935739397,0.10583626603037205,21.36368029465023,192.9272307531725,13.604548712477039,2,95,0
0.284986151927453,0.14768013343758568,31.476480820063834,153.30187543871622,18.749801882847148,5,92,1
0.569415505160135,-0.17481280046640096,15.513575863203597,286.9207936432308,27.611649487485682,3,111,0
0.5639329583541752,-0.0009752717869214722,39.77766811073995,271.40251433685467,14.308623861726307,5,11,0
0.6756417885105046,0.05296113276305231,21.525152720064913,119.00177967752316,10.002498130743874,1,137,0
0.6313177554049922,-0.2985132414857861,31.6198773405896,284.06092546147,15.1501742423495,5,87,1
0.6349951063472459,0.21357750528820912,36.22884052998913,265.4437658250029,19.75084898352824,1,141,0
0.3592956044957154,0.06601470506694723,19.011616568199287,177.11515511074177,26.425560866038428,5,15,0
0.7456944220284822,-0.22251820098107805,36.19698357026198,24.635372636862087,22.86581801146702,5,35,2
0.5502983945517371,0.18981424354549625,15.30614164477056,48.237072197861316,28.381269379143518,2,142,0
0.45376292004750995,0.13023417986432678,26.049428452135185,23.062273402140065,19.11128863255787,2,103,2
0.6133302343716669,0.15497972607818222,26.80094056327846,32.397934394718305,17.816304459140746,3,97,1
0.39573901424920854,-0.06477452288288627,24.352267831468396,293.0857123179233,14.628364331914266,4,60,0
0.5204461805775418,0.21252150401699527,29.659618657512496,63.65018976484569,14.361249690782083,1,83,2
0.7040986645554207,-0.05158345072058265,37.8710587175658,207.2563747021989,24.72219794016121,2,81,1
0.8268503671134404,0.04230549176735482,23.17472785750723,190.9584773048309,11.607182460906182,4,29,0
0.8552669017820572,-0.29961461778007575,29.481497179160606,189.34345945590115,14.854271696660174,5,84,0
0.5129789986501414,0.08692386880671732,36.93656314358307,62.011199878808945,27.717905190802593,1,77,2
0.5266255940872667,0.130905475276762,34.32488487753446,173.80397831538286,21.538416361993058,5,46,0
0.755893736826346,0.04026561929327538,16.0183316201374,187.66150487548546,10.931752181366646,5,51,0
0.3578495672302451,-0.0020647097738303866,38.56976910319156,171.12159499353334,24.08510096659571,5,115,1
0.7866535371229563,0.18596188422702498,16.166172606465317,55.848740182703594,20.13364735506233,2,101,0
0.5051961501442872,0.1088236302991451,29.718961859358238,216.91817912241268,27.09043454996031,4,70,0
0.19500251395492008,-0.1331555761679862,29.38384050787912,21.97294857495331,23.64867745082526,1,90,2
0.15908850059981383,0.2754440028479915,34.6597557675579,177.36000354588657,10.088931759555773,1,36,1
0.7904344330523598,0.12436031651720447,18.71107629622444,130.877799720394,14.114781743498412,1,74,0
0.14556569186363988,0.2927633573474548,19.484259801567596,75.0859779399221,15.1592740112989,3,84,1
0.3301013776295979,0.28275678976132096,33.802673318459014,242.21669670784163,24.044645783233,4,37,0
0.37398663321126757,0.25134583368605395,18.737618810290627,52.767770001655165,20.186283553401886,1,25,1
0.24185544505710693,0.15322292473518456,26.73612817664099,279.8945279693853,24.948949941823262,1,78,1
0.35739256323763124,0.06565762109818041,33.2912022552733,265.3695084963561,20.25734397566925,2,141,0
0.7090079047145703,-0.19669760179024548,31.28104821956703,108.1762641486249,16.54769221393202,1,69,1
0.11203993171925804,0.026010850454254608,20.26510465282738,91.545879257578,12.073212934173787,5,135,0
0.7782822081069629,0.15922591343659637,22.59900646715214,41.24600502567064,14.052441973374725,1,127,0
0.8023693793311377,0.012514295223340688,39.224372581026024,274.89834478018673,18.015601606913634,2,111,0
0.4052544900170695,0.22094347704339462,26.216765503872097,188.2595576469816,21.029086163635572,2,134,0
0.22596257722972055,-0.23420646048498103,16.111436910909514,9.535074643020947,28.77274806381245,2,61,2
0.5926891345149664,-0.07143579117081955,20.489622486658316,153.29982436848314,14.794403541330023,5,113,0
0.19813149580921335,0.003578651156194379,23.560877241545942,25.739684348816073,23.321698788933674,2,21,2
0.39923387608416705,-0.04060482247853514,39.98723510736465,172.12520548585252,13.050918229866033,3,47,0
0.8859119283387974,-0.23484807130706814,22.567288686922964,152.68851549624375,24.27506243844668,3,84,0
0.9162808675185825,-0.2078830235732217,15.659896219563624,24.853813650816605,10.22681754287958,2,5,0
0.7331260109107602,0.20257037571329223,27.8230394388834,244.75817793503185,23.118398998592312,3,114,0
0.35498843813502834,-0.009369444479129407,17.090134624349428,78.6951531498833,13.264353134290488,1,138,1
0.6638853403161958,-0.2707665439483634,21.851689967393046,162.4453092500097,13.606488927616468,3,15,0
0.6784332196968904,-0.29010524461341003,39.809579402348476,191.71166298916032,21.178152666291545,1,148,1
0.41803019003419284,-0.01591475880340404,32.61596297325386,288.69136007254997,17.50823091817425,3,13,0
0.6255286803606507,-0.20137276444533378,16.266665732071758,148.14350786395377,19.426103011016725,2,19,0
0.10879666888005453,0.12307556759953309,26.2171679647949,275.19473168637705,16.177777651125158,2,114,0
0.271427280053838,0.17719407751665078,19.290937815721232,106.45720240430965,29.069340990566502,1,102,1
0.5305724084331542,-0.16302197492573664,18.07361641005303,257.2311604949985,15.813122001637776,5,140,0
0.23427606949180263,0.05530616692906842,29.67663533372005,70.74786808542503,20.84094849471,1,63,2
0.2360436316587576,-0.2073332139087684,27.641397241005393,212.24392873062533,27.087111110816902,1,85,2
0.7857695182511951,-0.11785040904336777,33.571664607887705,26.583598126498952,23.28361624521642,1,22,1
0.9110890622005565,0.23327729650886003,37.30765570579649,295.8151070050978,16.455538939634415,5,103,0
0.5558949309833278,0.026458854889386485,21.167046435791548,286.1809199587104,21.048733667336386,2,149,0
0.7880371793230051,0.23153321708652003,38.074799666384926,132.6640915552133,11.659822524654547,3,89,0
0.9120637647475436,-0.1648513174922958,27.949794313852387,157.18056539707607,20.913728054153843,4,139,0
0.21610862862639527,-0.10198539405080037,21.47087295462793,179.33245869540664,18.62778176707084,1,59,1
0.46756140286856795,-0.01742871692590975,36.144645952565234,82.51126790690101,25.158674141468882,1,147,2
0.4219096269903744,-0.011951954883274274,15.888247950725562,202.34143056154878,26.95805686268234,1,80,0
0.16564041258987172,0.29858878031022024,28.987734436824013,209.5685839813548,13.99233043294878,4,21,0
0.7193707416916905,-0.23133280861732194,33.040538375749165,157.52294769758268,11.63071810921526,5,54,0
0.4556988024045263,0.2111790213609544,21.999442178903582,44.322207745565315,17.81113962489671,4,73,1
0.48484808603612906,0.21820922365312206,36.58729793908044,275.75578316748,20.683008164010943,5,10,0
0.22355183852685695,0.03191917892267243,21.007114083949624,34.51352470368458,17.536038966300453,5,134,1
0.2483598548293119,-0.09357769904450775,35.99685706829348,188.75165061315343,22.5712234199616,2,35,2
0.8438249701680963,0.011535662572977723,16.963624095811433,30.926578982926532,20.1130255943815,1,101,0
0.1366122529589087,-0.1245193771160617,18.998189796710783,43.830212739876785,28.732520693301794,1,137,2
0.29093887365383914,0.17946446906396368,24.524614597547703,6.1614942086486995,18.18782246639186,4,65,2
0.33948865085791324,-0.001032504773801901,36.35138781995448,109.00922515702787,11.649883458971647,4,91,1
0.5019619847693009,0.2555053073264703,18.614634128169563,191.87476932661136,16.038700422829542,5,77,0
0.5808850418721327,0.0736148066136263,36.88595599485603,156.4632659198616,22.11787724726489,3,114,0
0.5044977801975467,0.00859159986881003,20.743288165319843,202.36174537454573,15.120501972141723,5,5,0
0.16897457433664326,0.12664161238659133,26.312709964863217,202.50565826128587,15.379769036112677,5,53,0
0.29980731232568514,0.0023597786581405766,23.818360106508443,42.052123198271595,16.791449680447016,5,91,2
0.7917424755052838,0.24270381025166826,17.953155665363088,17.201221026514666,24.922835598181102,5,13,0
0.6228227343923365,-0.18933242346789522,38.6077434879785,187.60744213040095,28.80266468587923,1,128,1
0.632302221110105,0.2840092102475434,25.954457268805335,195.9672914925728,17.0075326769556,4,94,0
0.649566669388111,0.18731433111071522,32.258281533904864,167.01112054251135,13.909760795209838,5,0,0
0.7255804756124139,0.21644001711892175,29.38169191660078,73.72873989722122,18.41273904334206,2,1,0
0.1476489550115868,-0.010255300577357296,27.542897921305183,243.22956509467616,17.03679385959252,5,23,1
0.4006188756447422,0.20232092960255837,30.414440588921224,22.705804648877127,29.80049828246352,2,99,2
0.5424124969145766,-0.1159355498536769,37.45855765506072,189.6935367964078,19.27736517035985,2,77,1
0.3775343163038074,0.15716890713850512,32.482809392352735,36.12346076381164,23.58566705623728,4,72,2
0.792472676095493,-0.2157299049665864,28.31200198638053,196.33431492996888,28.275761332897066,1,84,0
0.4957094570415811,-0.11576885042249477,31.12964901664941,125.31773634704894,22.581231547277667,3,74,1
0.7302746233566909,-0.032560401984160325,30.15985701272554,215.43091663130141,14.987569498397077,5,51,0
0.7986527238425587,-0.10660816911394688,25.82803018715783,15.657660743080404,22.148201906665605,1,1,1
0.5139290159808685,-0.06778973062548982,30.61910025326126,166.5248965441104,18.03752672130232,1,4,0
0.845832839974507,0.1920628468702188,26.08924500410409,43.46336966402389,18.44699738877614,5,103,0
0.5814416312403241,-0.14599446471469946,33.94035944679781,204.7144894831421,29.5864916274081,4,111,0
0.7972249250436518,0.14716870329274334,39.22281208805714,35.986689393504726,15.571820271897053,3,35,0
0.37928445238504993,-0.2557727585330089,38.99663393743073,22.074996885577747,19.378702929566217,3,36,2
0.5090299059958179,0.15944346450903646,35.51839466062451,213.93683945508377,13.197340913984005,5,61,0
0.5357570536237537,0.1752139456978638,30.04397242648713,19.059580370484696,13.570883973709776,4,96,1
0.1860833670347779,-0.058980734698510784,33.733299701768516,67.35924537945482,22.06968848171668,5,89,2
0.4268130554952634,0.1334866939004823,19.45120738143886,247.42055913770164,25.020314163054294,1,83,0
0.8522168914923745,0.24908304224705952,26.975461432848064,242.90649234246789,22.729197472336903,3,5,0
0.6172824370990888,0.1804277841327161,21.432619124784107,256.23772733423283,16.585679958059416,4,64,0
0.24555539759831335,-0.06573209376182407,15.087374527733678,97.82996687661412,11.192363451300395,1,112,0
0.3778616211998761,-0.009471891431961366,39.1684393668019,158.41440862506278,19.405277242973842,3,88,0
0.25711446792341386,0.16761452687148326,36.59621404629603,232.0042057818456,20.08539306187928,1,121,0
0.12035496807482948,-0.12444324609052584,27.84246546174817,41.09565450332414,25.41303215919637,5,104,2
0.8605175759733019,0.1823296441853241,21.35380720297517,217.31726376471545,22.805791245839096,4,134,0
0.4675300091706347,-0.10315731446343529,32.324380254980916,29.245904818396383,27.42517255201974,1,85,2
0.3521787593850446,0.18359434943132286,25.870027113748186,273.9751825880603,25.659657573901832,3,85,0
0.5907512970773441,-0.247919733989566,35.08373833556749,191.19305475348776,17.317555676218937,1,83,1
0.10599785416027283,-0.27336162185364593,39.98795275452373,147.99159380692674,22.644428470493963,5,39,2
0.3279781274126674,0.29860526842189333,23.72706518724675,145.41877640014926,24.94573058910253,1,65,1
0.676487441873092,0.22167427394081346,21.110076086951196,54.40861435347312,29.1376073834549,4,25,0
0.6196912139167956,0.22970850207972232,21.684562219868955,103.77521173639612,18.447043252444917,1,64,0
0.9050808769848792,0.2707679685639705,17.3336561420168,218.13709959514475,22.96563984622272,1,22,0
0.6086933219195961,-0.0370102143513073,24.851154912503887,162.28308625631655,17.853276705632684,5,73,0
0.49155481637474097,-0.12789866719190868,15.435626317922733,158.79186123007887,24.756563577395738,2,143,0
0.7243747018108863,-0.22198500298925822,17.85988893503189,58.573768363673814,28.239863426211144,1,67,2
0.8407288550105235,0.0007254801230787145,21.79239368181676,207.1086935861052,28.3845203143915,4,110,0
0.6909706763090483,-0.1679710077140353,18.99656939773702,117.61017031840508,13.1417503477502,2,65,0
0.8898332033104913,0.2613305140435918,33.30397748751813,54.826001531560244,14.081931952417577,3,135,0
0.7412442400053053,-0.29759810253433255,17.640119771697506,283.13542547889875,25.098589015795973,5,31,0
0.8107771793747798,-0.21408195735412705,36.64985262561312,152.03962405968153,22.62019771884804,4,125,0
0.1935653383705825,-0.1521144881499439,20.527862592773822,158.41099425370965,28.102145737099097,2,108,1
0.7005790724549059,-0.18062597304408295,17.71476542428919,294.4115730644418,16.276011188310708,2,133,0
0.4608727336124423,-0.1645329380521738,15.252666110781464,109.92184115114803,26.960416222925257,2,19,1
0.5535451179772457,0.09362856303670708,32.88012510805366,282.9062053687349,23.675517139677197,4,134,0
0.6363639757755326,-0.10349275301211047,21.41541864846355,208.477608340644,13.90912620313199,4,136,0
0.895248395698567,0.06901462914202394,27.73746512844437,189.92868982343995,12.529887379912786,3,44,0
0.9073540267739322,0.23415476018777476,17.790401166803893,70.32549058274418,24.05447204017215,2,93,0
0.33634716130008235,0.06153405931542122,39.63239808090623,15.526701716337033,13.16923025448536,1,87,2
0.7016778678990913,0.11671967477182887,18.134618476748884,131.33515148554164,25.886580794862965,5,7,0
0.7149865011069203,-0.08069802106718563,25.298148166046957,3.0512885987175276,21.141900802546346,4,78,1
0.3841241462767,-0.20415691942637448,36.291237558361644,21.30075323111503,19.537341249255796,4,98,2
0.20157321538866124,-0.10764956253005634,21.12217371201017,178.5980267083119,15.510580718428393,1,30,0
0.13357650743429023,0.27856958922246483,21.674294633654334,217.34154992190824,29.676911898497195,2,54,0
0.7374213645739265,0.07308683067188226,35.21248789726832,50.38449957728308,24.443342218210528,2,87,1
0.5015537882898629,-0.13349332833959088,21.83349142980032,219.75012380213215,25.56127294329754,3,139,0
0.9081429389858395,-0.029450839702737708,15.071782777370325,284.91774797842555,25.374218553306765,4,9,0
0.48127823407879555,0.20130782245859663,25.697843012248747,222.952824217859,21.680311543531932,5,140,0
0.901891922840549,0.10106614242346412,15.313380241961875,235.41456587250985,28.793976839177557,3,122,0
0.4374923217991291,0.03639170443750095,37.744807095734174,210.21377408051154,21.676430067653534,2,126,0
0.7508193634591775,0.2310977259803046,31.045330604480522,67.42123213642536,20.40091170208299,3,7,0
0.1695518032957023,0.10346374333007419,29.575356655531053,108.2669826467508,15.474208848457344,4,85,1
0.5554786023129664,0.08563783847465722,20.03973777155908,284.7800888309452,15.634718396833469,2,55,0
0.7576890253282939,-0.18613911767353913,32.49865463571591,198.3631736910356,24.737678119640872,3,137,0
0.8582553671203087,-0.23616679019255532,31.931366091958644,236.70742018022167,16.69534843279211,4,111,0
0.774518134306294,0.27908527023443946,16.511589348134123,290.6083856534032,24.57421490293356,3,97,0
0.13031599630496288,0.05931502206021161,37.02116327026431,69.43107615379972,29.0541351762965,3,4,2
0.405615919871522,-0.05058995451214254,29.485334073245138,96.50600019796605,18.786148735575175,4,131,0
0.13993274729735805,0.05341249254613056,34.81167202596525,193.4404958503499,11.94651285759284,2,73,0
0.18961147871393758,-0.26291282335697075,21.572851803221106,7.307242135202197,23.330929626588723,1,24,2
0.653750615507337,0.19327636434246404,18.051194993836354,171.36572320011172,10.190460633909712,4,131,0
0.6848717209755926,-0.1700126786613984,32.56123932966962,242.60651385434963,25.740070425445936,3,135,0
0.7344509598563336,0.1827276037907682,34.847067156379055,183.13301214723754,20.51306234077437,2,74,0
0.8096743694056435,0.02062706595816638,24.650838340482284,88.61798516883326,19.7946440801731,1,99,0
0.7063338041507381,-0.13405679180585833,15.592306882907781,217.2312250008185,21.388843211553745,5,91,0
0.7567147055274384,-0.2818740310547577,35.45635061634661,43.809487403983674,20.32817087869432,4,45,2
0.140150242055089,0.18950001319596343,20.152347658261018,268.432040783555,16.475545435920452,2,112,0
0.2923188233618649,-0.19412391511841598,23.475798547437204,30.274509312136622,15.630178193584838,4,149,1
0.6099561741677015,-0.2689169306160759,30.705775194428256,259.04734012873047,18.305949212477906,3,140,0
0.8036627497923551,0.1535266384955285,17.49886798028257,149.34282832086976,27.898185638311336,2,103,0
0.10369010245052049,-0.08997406657621271,16.79989415346158,128.59410104634054,12.70740919575686,2,54,1
0.5219960605354069,-0.06639959664501,15.642594289381856,150.1985281726294,16.495291933731664,1,136,0
0.6553756674788057,-0.1517594476315686,37.915996505986385,60.06189092787636,13.846008558988087,5,139,0
0.12427797708546284,0.21550708721813822,22.78456860671639,137.3056738676441,18.54273953474764,5,0,0
0.42911155719377814,-0.12160228433608075,31.516470377928297,254.91594476959756,12.669968382463423,5,50,0
0.8344206027346315,-0.1738844581493857,39.730881225443554,240.2865726656397,25.21591227804464,2,82,1
0.6507225032618041,-0.11445016419830634,31.736269839048585,48.91456034739878,12.069347851691495,5,86,1
0.29487985795568983,-0.17811025489956184,28.127369896404502,202.02629343871854,23.305241872345412,2,106,1
0.7992805262981684,-0.1094068675168755,28.022998337930964,257.0511794896276,15.354206497380469,5,77,0
0.38538576719580175,-0.2502382662790962,24.422928711388792,245.9302765856428,19.443799937153255,1,2,0
0.7997426303381288,-0.20488198252832499,29.99449139887713,127.68973298915442,13.999759234350828,2,24,0
0.34513379391750254,-0.04976826996231126,38.96978473864261,14.427852103834748,24.60447358951438,3,114,2
0.5840626057241822,0.22768011335392585,34.70110084245775,279.35082689212476,28.96551978536649,5,104,0
0.42549085555322397,-0.26562555196662846,25.605665425830935,118.7655347544186,14.434905747859919,2,97,2
0.32535654161915495,-0.1723951759439816,23.311120725813332,108.29299117690313,29.063064154256566,3,66,2
0.8269772009809327,0.24500740532495774,37.08828824057804,227.8544833436439,16.50547602022868,5,41,0
0.2538268191903829,0.23400880449595302,18.394645640664844,79.19166464760676,21.156943341038033,3,46,1
0.16954550481332575,0.10767049997756473,36.23963142410754,250.4243769501876,24.03179902171152,4,103,0
0.3803800896074415,-0.1557158675428572,21.37691903355831,22.81546824579469,13.985372321303872,3,75,2
0.6884641010660855,-0.04811366336652856,32.89073089439795,222.21336021486326,18.89527874865255,1,19,0
0.7620939169005511,-0.17326740333722096,35.155514519370755,289.7368471324595,11.356549613281002,2,59,0
0.9189695634547472,-0.22284689452487805,26.924912931586814,298.73063906225207,23.9410755205604,3,123,0
0.34301688674915526,-0.07200096329166511,19.807099403556858,277.1413080192499,18.33232239448957,1,89,0
0.43451239992765145,0.04549296304221012,36.11919358655938,261.2287216218928,27.832890652791818,2,129,0
0.21219344798429357,-0.08404039472111685,24.18770862633287,83.66406733731905,15.479837771462758,5,76,2
0.5713949822908876,0.06649473027958186,23.017006512062984,289.99450878892924,28.47202648647854,1,72,0
0.9180156305555922,-0.12224715877241671,27.75040455883599,278.36897814430586,12.820796893656901,2,142,0
0.67472242829894,-0.09248968334352584,25.87715602759794,160.31175210755598,22.139329320277668,4,76,0
0.5880745291389649,0.17440415498676576,32.0763054259681,120.62329631810388,16.15616359744358,3,20,0
0.42174265619587115,0.22698883853631485,18.429945209316635,32.780176067456466,13.635632219065748,2,60,1
0.850544983434155,-0.10677955108136875,25.892241351196823,177.19022334753743,11.87874343438331,1,97,0
0.5074716088268866,0.04290948080716572,37.2925452806301,210.1637845566593,23.1128511765738,5,51,0
0.21018086891671045,-0.13310262966463918,15.901567735993137,121.19897495445869,14.663358665184909,3,61,1
0.39961033982328953,-0.26799921497554346,26.43345832883316,121.80886818915955,21.456288241420953,3,130,0
0.15507666845516888,0.1427143088162448,31.513299159630254,171.99341721429116,29.58837445670556,1,65,1
0.2656228109048009,-0.1973979100583098,37.19277717604963,8.33522877214854,16.31923640559063,2,45,2
0.11448840041992801,-0.04457248575184969,29.84465567332939,287.3597689160247,10.698885554334577,1,16,0
0.47168953153013404,-0.007772703972505901,35.61210678098321,86.97171212901281,12.85645228792841,5,60,1
0.6203230172604737,-0.18931704949253644,20.56727547398216,42.26725853066403,12.386440188223416,4,114,1
0.3814998191507044,-0.24326678960196224,23.82023590569649,1.6465188403771203,19.265670544104715,3,44,2
0.44471305263432725,-0.09119219119735764,38.55330684820107,257.067462415714,24.893011393212547,4,70,1
0.8865516037325523,0.271371544530191,37.14937782731715,258.96221273990074,15.928887715637167,1,98,0
0.7166097596914307,0.06908135399305287,28.948824567217613,28.591981355313035,12.916855416876864,5,139,0
0.54350244229486,-0.07115386295825848,26.88720844487113,45.6723908666403,22.815335326578538,3,122,0
0.33332351759169676,-0.276653507535471,26.276684786361464,134.3706693773304,16.023604176984847,3,42,1
0.835537374993856,0.060163968834649084,16.469741539175402,55.71125191989468,21.503406986244652,5,24,0
0.2927796358421408,-0.24464541543877644,37.30942759891417,220.74634105102706,28.67573119345504,1,100,2
0.3667810390236752,0.025526442628515777,35.453737710383386,17.411923711716703,15.826939098530524,3,38,2
0.8454331478268178,0.15117030496304573,26.40627861819668,164.9127997157598,20.249832289725372,1,58,0
0.5342244853337593,-0.04584879102312822,21.985999317986835,114.83746953417123,26.136238272624325,3,15,0
0.7087007185227409,-0.12035310311008535,23.573015160663264,139.48394510767545,23.834362249952562,2,116,0
0.5844107312142882,-0.27156945970944085,18.079014646822237,127.42713530868053,25.029563495583716,3,24,0
0.635820151387786,-0.2851332749030419,33.04474353264307,45.947754760396094,25.451387497122006,4,57,2
0.345494299042157,-0.04198405821268725,28.916746413871444,66.08444559256868,20.798320406680862,2,61,2
0.2979250905338636,0.2300071624217807,20.852585570622374,19.442309673127976,20.7212421580453,1,6,2
0.36444372467830555,-0.15356233272408576,30.575139301942244,34.58567258972137,24.37779160896895,1,116,2
0.22746208254840644,0.0444333034690928,39.48075535637437,293.36844672567446,23.95296540227111,4,92,1
0.8169377795384621,0.11058349180785709,18.05987838690448,83.93604350317558,23.401153280593704,3,81,0
0.33226248526509355,-0.26350207949918314,26.462125265633194,92.10766180186927,17.642693842853273,5,26,2
0.5604213034197955,-0.20813977451797372,27.353970523053167,38.13189912963632,26.570852912097536,5,7,1
0.7494190286159268,-0.10123392394825975,19.16993034559506,226.54926134902544,14.724057787417786,1,8,0
0.7427357696880852,0.10205590448914231,28.28950527493287,277.2428430561846,13.114639327054245,4,93,0
0.45947673203903816,-0.03657893266314188,30.14943146370225,236.9251611199953,16.903244382314032,1,112,0
0.490530993041115,0.1405170409309472,18.933613470462383,183.78474883025154,15.076624808099119,1,119,0
0.9156554341267203,0.22055871934391552,18.86809747522191,243.96987468317286,23.26365024406313,4,120,0
0.6531699311227998,0.15502336595912575,36.4087178908439,121.26906987985753,14.620357022999217,3,59,0
0.7680035233566639,0.2953483243879495,22.784685916751123,257.84920652420624,23.12979676701738,5,0,0
0.8400942547597702,0.15261664123898977,30.758334676965774,239.5556548914546,20.264455896815768,1,36,0
0.7458236657080581,0.2113075170044703,30.669326891880353,0.5173932768957057,13.049001361505193,3,118,1
0.25184706286192543,0.19941981507900058,35.97927188956588,146.3382404752551,15.167925282420459,2,114,0
0.5609800016648092,0.13815945736802793,33.49736578078809,79.38497282376785,20.434535686064457,5,76,1
0.18355320899792682,0.18108108999353434,36.014410835956944,25.869874910308642,24.66210607847396,4,3,1
0.6353961437824787,0.2608099367204461,30.63036974126664,253.85881282433246,17.96503288349352,4,116,0
0.883386531114005,-0.014875572884224475,26.23642901284985,2.384905290336692,14.6566528435608,2,122,0
0.5204402927260913,0.08297221434752611,24.839163032826868,219.0490506166081,15.901564181875775,5,34,0
0.4550374441515691,0.008963832943663597,24.475744166535897,296.4576362991558,11.902343785467938,5,120,0
0.1293910561628938,0.21062219231524376,25.459827447728944,144.6059300118707,10.502990021804662,4,95,0
0.8870151083099607,-0.04118423827709561,18.232731303844258,111.37215898243039,29.46258623993708,3,133,0
0.18446220098673022,0.19183606268683973,25.598959275079174,181.74988634241402,11.928198687318307,5,93,1
0.1336848565099745,0.17961274503428326,24.736122680065527,241.40934829430165,12.497746902213,4,13,0
0.30177462143404954,0.2771316608211543,15.864291582955786,72.07559813258365,27.41928170159285,1,97,1
0.15373495581307361,-0.15064758044554874,21.8782688831585,75.21042874606087,23.270104714385162,5,16,2
0.4731966307776452,0.12577170593154735,33.797674368505426,182.15340422605405,18.721450624906524,1,38,0
0.5231919970308322,0.1541516985884917,29.44863928524063,281.9639462562916,22.980468114516988,4,130,0
0.35630735820343884,0.2617670956827994,35.154187418900754,89.53199272762905,28.699696470608206,2,145,2
0.1417875957114066,0.24414145083331867,28.56720110951912,113.02639896870392,11.98754622871412,5,71,1
0.19151230196436592,0.044115517025068995,36.35209413688169,297.99999043808685,14.874220543506645,4,43,0
0.41529358995174104,0.047491911518387886,34.901677490042914,52.86664956195474,27.206008069414818,5,58,2
0.14963332967775964,-0.19962526295746236,17.457114253556178,23.09045051259122,25.61278690602214,4,36,2
0.672515575000129,0.2849776214542627,39.42515920039981,176.92657166418184,29.885134431143815,3,85,1
0.26975684405034583,-0.14698952237794388,15.36868617253322,7.280096526489899,16.27817630144385,5,63,2
0.3476986864025836,0.13484173107077524,29.920950948240463,54.12996938244681,28.897727942770903,2,8,1
0.42318313728603996,0.17747700288318752,34.812787732919055,186.6627542071404,16.873776625900085,3,91,0
0.4416198991167013,-0.03527069723317139,23.297353496272585,197.8537202073999,24.301863823709866,2,96,0
0.10136178029333644,-0.1732837679825652,29.964244807428948,153.1275748942859,27.65485895243173,1,100,2
0.19189770421893199,-0.18662376946818793,24.053063271186208,115.12441386881498,13.415641905167234,5,141,1
0.80746694226752,0.21389760054095502,16.515374375187548,172.8592753265545,14.112773100704006,3,105,0
0.10101111125976467,0.0064538920491089,15.211537977233272,193.01572590997162,21.619172960646935,1,101,0
0.5166972317665576,-0.24591781077703997,17.371550752779708,241.0446138874952,26.876495400710283,5,31,0
0.5013916453359106,0.13021168365773322,17.46023985300117,237.82524846295422,11.578990704442234,5,69,0
0.3731372120287231,-0.14989736831698222,30.27224443484375,199.44022965448434,27.01761619511807,4,65,1
0.45368815652008876,0.22583685045052754,28.14663077406283,268.2697749685397,16.86241059090193,2,144,0
0.7400765327717992,-0.11425692838201484,26.38658250432855,251.40757607862565,18.124532279450037,5,71,0
0.7897870390962644,-0.17983750194591414,32.29803689006044,39.97380246538206,16.797221913751123,4,103,1
0.3134858056005051,-0.2490849338670394,15.42065342531121,287.003832397045,28.22959809215375,2,81,1
0.3644421615935385,0.006918681982588493,21.774587035393274,267.5226906953761,12.61588653165678,2,8,0
0.29883593948323284,-0.029557447309027596,34.4348182821907,96.27815385238793,21.485489623526867,5,140,1
0.49348798845187347,0.15078728676188574,37.749427662927964,6.055325582111837,12.962161612515835,5,100,2
0.6602718532802266,-0.021238447684178152,25.95841490593954,181.19278402748625,28.571892601896828,4,34,0
0.28716735788000486,-0.09371041864537735,17.037099503461658,131.5252730599164,25.958626270712386,1,8,0
0.3712033084849907,-0.14300705062023356,34.968218480712196,224.86999877583958,14.676385485221557,2,140,1
0.8629153864231034,-0.13311195271801735,37.12926083181834,157.37992935258677,15.955565361763071,2,46,1
0.13982681767450564,0.25670874109668834,25.341506767342985,22.947130575284035,17.63030655925355,3,2,1
0.4778310762964444,-0.2009528387473126,21.083881348006926,73.40622607643276,18.10835350590873,5,92,2
0.6834775941093578,0.29290585473429004,16.099291705573634,264.7571268379589,26.3468571726411,5,2,0
0.22337228947712875,-0.10384832688466514,29.777070547371398,11.306908714515028,21.290667106183808,2,32,2
0.13884669640449512,-0.2469658587495015,37.74673726406248,221.0009008194861,18.55898629783456,1,134,1
0.2133284047435952,-0.150785771527281,31.94720063800814,87.5830523854297,24.388893138727056,2,5,2
0.85343501869516,-0.26495137226722876,22.93121494736836,135.7919409127491,19.157297526876132,2,112,0
0.10759302109332121,0.17401786149834952,31.07220810724917,159.30162957348256,12.564800337695809,5,92,1
0.2544240193453085,0.00753174752466329,35.80171018620064,75.02440719216031,12.149783685390567,1,45,2
0.12565248057934852,-0.09780802867991945,26.895751483736447,195.58813289929884,16.519133595903433,5,42,1
0.1907161634010067,0.09722976277893747,35.493712249945965,208.03266542936285,22.05740475230344,4,71,0
0.608522415035203,0.07838791557019215,24.797741916658854,25.517843901232528,12.696826552964689,1,79,1
0.2981439051660504,0.26392325353655416,23.712641964894267,112.17812275542617,21.002683413948148,4,133,0
0.566753881353155,0.27675631004902773,29.574715646963853,223.31319036188745,15.39219289617467,3,39,0
0.5839602138682235,0.10841026539924314,26.61716044236203,216.49126795233957,23.908268312165834,1,88,0
0.7965369731336188,0.1906895563465011,39.42779801152708,163.38100317157173,10.565254023527412,2,102,0
0.10388794218773661,0.17545506020110713,27.90973558820437,233.30243396040424,19.38046862961146,2,1,1
0.7997629566607407,-0.005217880380060103,24.62930072290054,32.29346791195298,11.045282980284652,2,134,0
0.6076776508701187,0.12267497282005013,24.873338578213406,35.46338035335902,16.61015550550641,3,148,0
0.23344965860606523,-0.25304459538985785,28.698498765327916,197.24679008890342,10.311502885737582,4,12,0
0.7338086582709329,0.15481264989018412,23.872800950204883,208.00016036853864,19.381975211558625,1,39,0
0.8015030642682803,0.27709980431542053,33.0726650491234,244.3580565963211,25.340317369560232,1,117,0
0.308496056678409,-0.24901514812455694,24.516573192541024,54.31106333197712,12.00440075491889,4,121,1
0.8534108183401984,0.2016694707551127,24.603609663131078,155.03149782933156,24.704453839880543,3,23,0
0.4726550928448995,0.25978801598956275,30.424331234420116,198.24938914067474,21.683905341846625,2,137,0
0.5948080525533237,-0.16428666611876275,16.521171817400248,67.10987214870453,20.092105462720404,2,49,0
0.9074126175664678,0.014886712565522264,31.383872952878654,155.07835967819722,21.989665245604833,1,44,0
0.39645958448414353,0.25671493527779304,27.624305428967176,191.53350731717882,16.717942634583913,5,53,0
0.7667906635724926,0.27613560271378074,26.32565285716604,64.3348534433041,24.206791075365786,5,100,0
0.3610872766193369,-0.22327056938861017,32.98132476769878,112.66902307504242,25.593316838415447,3,30,1
0.7553550882380227,-0.0905974646667296,33.95639455012152,64.9016430407124,25.564477311737548,2,81,2
0.5926018134673668,0.11888678469051395,36.15652158531148,270.8828713285796,15.389195787873769,2,11,0
0.2774116700848292,-0.16706490036844182,24.370078020436182,71.03966457899753,23.07814019379705,2,22,2
0.4395013969071738,-0.10513762281931152,23.175942306334527,36.250387795739094,12.961914514905528,5,115,1
0.36046122017812066,-0.28602536399718403,32.85855253736298,10.546593458143105,19.908392271925344,1,57,2
0.1640488823258984,-0.20788699144128064,29.54512147851115,13.486041723405052,10.052585201190352,5,119,2
0.12446451148175194,0.037397696650646295,30.795038658795416,57.475870490045075,13.871735180166823,2,110,2
0.3841124974338884,0.09185403978250967,28.88807267764588,182.46255339208568,22.63468231665211,2,149,0
0.115608001210339,0.08934709865750218,34.317325580096366,5.294962353336796,27.487230104062586,5,20,2
0.23569996121705555,0.16701628246693,19.75102221230383,86.02317742714415,10.980565971720486,5,140,0
0.6946503230977125,-0.05083115175672512,28.892803318534916,17.450067396989798,21.171055843486602,5,133,1
0.6806348132605421,-0.1359055702553067,18.952544723590744,121.0976310897503,22.735500402100612,2,65,0
0.7056359168950538,-0.290651579974485,25.181298482274798,14.573021348957283,28.647819623654925,3,20,1
0.36006560032658264,-0.17602210436856786,31.59984558540187,182.2625329862484,23.10287589289913,2,20,1
0.8298159548365103,-0.11256731267877765,27.32679020785426,206.52727965570458,12.060654049414767,1,76,0
0.586941049383327,-0.19307588611172066,24.48978841680453,219.40126489312905,12.93488485088961,2,1,0
0.20334160023223374,-0.28791331710203866,37.12425003539015,67.30301959387653,22.715282577739956,1,14,2
0.217849302393538,-0.20553143480088504,34.320642862436955,260.550048588523,14.312393535264654,1,79,1
0.6683382500823553,0.09965973214054341,28.157269625009373,207.08645019927795,28.566109497545764,3,84,0
0.24181402788250403,0.07775124988355747,38.7513288918872,16.995065789946118,28.41374401571772,4,129,1
0.5159800152972756,0.26141018363882546,25.609132235874846,132.23001261042813,28.973117203144266,2,146,0
0.9132550702615428,0.17890097483838557,34.70182318970265,230.32694801174435,15.859052156243866,3,40,0
0.1032862358813384,0.04065367010471471,19.198405995035447,93.26817801606893,24.338998159206326,4,49,2
0.11359543755599669,-0.2174661915040732,22.144811927764923,114.46763217217944,23.26027813869699,5,29,2
0.9143293571830154,0.03844309135509416,23.45213953334887,188.88114818896287,10.712075626755443,3,33,0
0.5794038439900158,-0.26304296345149153,17.64551881761308,16.64426403476934,15.311301526925593,2,65,2
0.20406617992518078,-0.04146906155348834,27.545120376901696,290.0805121523752,14.135334593589368,4,148,0
0.8357878037983568,-0.06584482263168273,19.80650335316239,52.34430318291836,17.4161720347668,1,134,0
0.8219118461047076,-0.04331171438223502,30.854647236241465,8.001599893878097,29.0610743309045,1,136,0
0.5396843387513277,-0.13210444896312767,19.752308989325456,1.5968946121260763,26.912032779166765,2,67,2
0.6098694644858204,0.11149826857429423,18.087656433481882,119.86631249981872,15.868491827365538,2,98,0
0.3240134970307186,0.20456668037926767,39.22716818997311,265.2760096426133,20.60063062198646,1,108,0
0.14142615102504424,0.1611101955593865,31.456007645277655,245.9286237653787,13.845322431733237,1,36,0
0.5875454392905088,0.07665125747452817,38.41127286771221,273.6137394749085,15.548679845918764,5,69,0
0.3416992584262657,0.02300687959980796,27.2471947998308,160.1346957986697,11.300064980297691,4,82,0
0.6441692582614886,-0.2813494919951818,15.835061576584357,134.6238701625493,22.85213001833673,4,55,0
0.7857210450109331,0.1337603992151527,29.359279260786096,115.75829283203835,23.13841548992658,1,70,0
0.11489164600977854,0.02698976374709844,28.95822217089271,13.925422737391758,26.77003241606887,4,66,2
0.5884852952422965,-0.13755536960166787,15.37439014841485,272.85637689154606,27.431036268545082,2,9,0
0.28965004254321886,-0.10329477668793499,36.531051110045794,148.85282768541825,13.201187983874457,4,115,0
0.8165885682811171,0.2613640718818448,30.499267015410616,136.52022931545304,24.860818923259743,3,135,0
0.3080048953806994,0.07461734707033624,33.617279234403654,154.55024610423519,12.694152656546647,2,113,1
0.600831509253043,-0.014452539205483006,27.348027653937866,238.24635543426012,17.474300234916218,2,140,0
0.5539034888734814,0.07255304382504463,30.460060947706573,67.34132579476918,20.310731431184422,1,64,1
0.42485653004858415,-0.05175460500860579,21.436747330713104,212.97020369847698,10.98939828174152,5,8,0
0.6556490261518312,-0.017890636078190303,39.34394419421618,213.23092225620985,13.135274230909086,3,40,0
0.6951311004666558,-0.12581444597539776,25.01800018869163,254.86583467745487,15.422321999800763,4,128,0
0.5648889921618973,-0.03608801964501329,19.05816553344073,2.6050795391610038,12.550846592683786,5,20,1
0.7219062344914984,0.11135533946274628,16.397885459365682,51.11866297053962,28.681925444126662,1,82,1
0.9064020023142089,-0.2760348449481185,30.904298327134278,141.31405561342666,15.766383761742325,2,0,0
0.4438033580786602,0.17701644437769287,39.5844962794114,255.16211623844353,20.023433290178275,1,48,0
0.5219581025461354,-0.1302122754832123,37.39486242115704,289.53505848839524,29.930684758513724,1,16,1
0.11022529991179486,0.10953587605949983,32.552614187160344,178.4605844038204,21.332853538624878,5,17,0
0.7527434161745103,0.085635188808036,39.764948224821524,63.64019262690604,18.229915499841695,4,24,1
0.526588654977715,0.09157682948478318,33.070706551052666,55.37540874739369,28.5958481184857,3,80,2
0.4345283728956635,0.06487734975348175,23.4812780850349,191.83318619588022,14.44995510733217,2,103,0
0.17713900973330457,0.27546110284172093,30.03045332650433,63.02074411782138,13.590014816774158,3,43,1
0.8295182657738258,0.005006497617234484,16.994166062139037,165.92622717626585,20.70728738081567,3,122,0
0.4239059368332563,0.13939146930921087,20.542062255563522,250.44357874317063,18.546034756627805,2,58,0
0.6597169105315607,0.12326959874074661,25.438505898212306,116.94589453862702,25.9397215463093,1,110,0
0.22248680822188366,-0.15823945363300176,20.04546233907613,113.54165692257877,10.840200826087345,3,79,2
0.8884706962236467,-0.13001649648790461,38.83752537070427,10.84210106732213,22.354516488224398,3,108,1
0.24632224469390138,-0.04558974110581926,39.88993816861624,76.22537352736647,24.21358285795753,4,146,1
0.26362443417758213,-0.13338124172207447,24.273398003041635,209.45743788578233,29.438335216479338,2,149,1
0.8043659456573253,-0.07995414064202416,32.73072465192996,108.11737353965893,12.91526400479671,1,88,0
0.8483178501963836,-0.06542363164301643,25.194268266581012,47.48967518697659,14.924864374189353,5,144,0
0.2739608741691072,0.06231873656300635,18.48773010965516,31.730320128098132,28.648864631384846,3,105,1
0.48523672830335896,-0.168065974358963,23.423171192552715,28.516013445212675,22.61257690966601,4,40,1
0.7014658217415205,0.1825751195260124,20.83429246789158,197.74002993536857,10.760980654710233,1,140,0
0.8202599017248574,-0.03747818593709723,23.201955510185492,183.7864436380646,11.546880045115579,1,21,0
0.4108232099305903,0.12374646700994812,20.375542209942914,155.55630168062547,25.708811212553364,1,70,1
0.523955979216532,-0.2511345112555093,17.808627976456158,150.0979344477418,21.349489969128314,4,22,0
0.7082074566261827,-0.018020763525379846,20.435710734060322,45.941055806361476,21.30830963237748,2,117,0
0.6995315008552923,-0.283068280693603,37.64392579574607,150.1812674280262,27.597312866225707,4,134,1
0.7420273066213896,0.10554599508933887,17.13054189441322,17.981332980113972,14.821958387424566,5,122,0
0.5673457312860517,-0.09377395380175826,23.118916093880863,277.75753758080634,13.2086196364404,4,15,0
0.18578437937991568,0.26955168846349714,28.211247362565885,17.40826620078205,22.27611895244161,5,40,2
0.8412580985199929,-0.10552547123914838,23.86281640445892,127.05905846817555,27.648461953077668,5,51,0
0.8097694822432432,0.03828353881063612,27.94017737547218,0.17131692095166962,15.305012893352362,4,17,0
0.7544398973710331,-0.1455674545832312,16.08550150585885,235.84513163497337,23.62588729582704,5,79,0
0.18188723127179818,0.07206757736840419,31.214240834109443,49.85105656068901,13.047580637165483,4,5,1
0.267605841006772,-0.01977458992005926,29.086970038901505,277.47480534650344,13.43817391658298,2,92,0
0.7097522993882746,-0.07762304309662027,32.02415664636729,13.193324358169356,28.030201157254748,1,86,2
0.11897487755719609,-0.17778639055189205,29.181445395680925,246.23620036932806,12.359299898127507,2,89,1
0.9029641996399693,-0.23308719361712682,25.947589560641582,196.99134384467646,10.486910733103894,3,136,0
0.4092586378916582,-0.22807251962599603,23.753538557352062,74.92071566576716,25.498808962215683,2,117,2
0.6898362776264754,0.29942401050333184,20.660879752494406,60.72588276917846,17.250190970503606,1,38,0
0.8278082925601956,-0.05261356388565919,27.501693170165314,107.3033800131067,17.933171044042616,3,85,0
0.4235965082830675,-0.2988421752759963,15.651311309437673,248.52086495260647,25.99715089816391,3,120,0
0.3616886406517261,0.27175727437560854,23.206020702483144,258.58696450063667,13.598715831546963,5,127,0
0.5991677256965624,-0.2880120454621124,31.946807339113235,52.58561385729773,23.006538830420713,5,96,2
0.5764112864734017,-0.048848324667279786,17.717925992158982,106.03441190529921,16.27056657675269,4,12,0
0.4354947816523337,0.13048655158239353,16.572281057988214,71.24741517067616,12.085369212936882,5,65,1
0.593455299811521,0.24875954662305694,31.304465132284133,36.79285429136937,23.749920979401757,2,128,1
0.8670127230445257,0.12773177485926063,24.944368028558756,193.9348162586784,16.373282691018723,5,11,0
0.4834650104338092,-0.021824547059992927,35.045625913734526,103.7613069706606,27.332082085601414,5,88,2
0.26132858821551774,0.284665223390462,38.4327825992831,67.61521343290023,28.380713004638018,1,81,2
0.4093089059640632,-0.2764083701800377,38.92601134331443,259.79933205059285,26.981035238419054,4,33,1
0.4231677257263573,0.2921353215228048,25.63982134735448,224.49537927106994,16.447034948709238,3,51,0
0.2075091282815003,0.2096349310250633,21.608180606875806,232.12834460890275,14.731652487193124,2,146,0
0.23355463045473504,0.25735801027581545,30.21534346856195,11.758767354984045,27.856012848155995,3,89,2
0.6613409001828153,-0.147136545541478,30.70482314820591,274.53913476931984,19.058939677529224,5,140,0
0.3783717584513002,-0.21452515662943814,30.558623401897417,172.42151339227055,24.154794471160315,5,70,1
0.8830166813217623,0.09798916762362003,23.04446534297203,151.14084140535564,26.543284028212685,2,126,0
0.2997493311940581,0.009515662791671986,16.593793410432575,3.1756038083343485,15.55373309735645,3,92,1
0.18111809418595431,0.013900776446627683,20.250120970639973,269.2986631302314,12.381948558695804,3,136,0
0.7178737416602116,0.2547715070899305,18.86048570055584,163.16714114580017,22.496551266865715,4,49,0
0.8224495625726534,0.07204854399195731,18.097508644582756,247.5460387021606,21.8038451152645,3,57,0
0.3280529526346201,-0.11336169893724604,38.15708302678932,196.6532882214881,15.404001453171517,2,6,1
0.26571224334929194,-0.05996006614927438,15.346191149349199,239.00808405326413,21.694134427706842,5,34,0
0.2523282305942915,-0.21990249894488922,30.046443480908042,207.87952456734072,25.80714508956686,2,20,0
0.5280500871205401,-0.1846115758345864,38.68684489350342,276.289170700748,17.00021964688255,2,27,0
0.48410164582235227,-0.21398995787427688,24.001328187353195,67.64525590186491,14.846354378511444,2,46,2
0.3127406686807181,0.1861748047268127,28.177452229311562,60.630031419872154,24.500024272191123,2,131,1
0.13704195593132965,0.12292408078327127,32.39459158687899,213.7624685835366,25.717440333635896,3,56,0
0.49482289906755017,0.018207010566511084,22.929242366455973,150.4184401750407,29.085788757378406,4,123,0
0.8866525250611988,-0.07537929982345754,26.941299692681227,179.748351100461,12.951716458349424,1,122,0
0.6350657446171839,0.10109657419461027,35.4275712583188,212.5627407573681,27.785282037763896,5,147,0
0.5063153764354671,0.18774320861745658,33.63389163200659,164.22845910000078,25.30197622379805,2,76,1
0.19076750070428522,0.2287399294030254,35.21123528732102,236.30803429985886,24.037998158617757,1,127,0
0.30699775825066156,0.028209736923800133,39.6835040906914,95.66020678075574,16.26107258380756,4,62,2
0.34171463865112506,0.1919310730918205,24.258186873404476,257.69713307990764,10.443859023763082,2,94,0
0.7271389131379322,0.006783572047617037,33.677281573394325,32.302905877680224,20.15100988238885,4,121,1
0.8189028537569879,-0.015281946487265496,30.069614177549575,190.20119308835604,15.715387529714324,5,21,0
0.8393463199244796,0.21925911337326015,31.665119180529906,267.0397522580393,15.796420378533824,4,8,0
0.9073462587656184,-0.0681756382412016,33.49684762082336,75.80823837051139,28.54277154385307,4,24,0
0.9055406801457166,-0.062452392575578636,33.74328292365787,98.05040247717388,13.059377841064183,3,108,0
0.8814592888697448,-0.1170531928290503,37.14362873237049,91.63253354782167,28.68464759181108,2,71,1
0.15889415521236522,0.011221036976770016,23.733041880901386,169.27911353251014,20.0761342002148,4,42,1
0.21299069946080026,0.026910020213676444,31.337033902797764,123.86154466954456,26.765585521218735,2,115,2
0.349662551710347,0.09627668718627419,22.007260789921396,32.38778549847071,15.671751428838208,5,2,0
0.5533765683328584,-0.04169861393425767,29.864217627924376,267.386166526938,22.678413281694702,3,25,0
0.17952186873849302,-0.16929762486984037,33.779378504298194,61.40298874760224,21.131767914468334,3,70,2
0.7935535053977568,0.2201052374483255,34.77502715404101,160.2240032965589,28.483321788356676,4,137,0
0.6057400668433934,-0.09239947965719136,25.503112574728068,178.44146878117846,13.585968536848421,1,112,0
0.5447388098878081,0.2537660519041048,27.718005580033996,12.225553094262509,14.091397794849591,3,102,0
0.23555528516117877,-0.17558800018412654,23.346246279254323,28.71369829630117,28.97928798907089,4,106,2
0.3076694890081618,0.03603448574173829,19.225908663490763,291.5069131288655,11.9592924157221,4,46,0
0.2314558604854516,0.02196905611767136,21.512935129813304,199.35370204481472,22.693649380879926,2,67,0
0.7985851893917348,0.19718870875619715,37.80342512249561,10.069553113928077,11.211282264305062,1,132,1
0.5790668452501989,-0.21668916794950216,22.724238560232898,238.25976619589963,11.539816162412066,1,109,0
0.7028061305660994,0.24596230375047684,39.368983338640255,152.56284278324566,21.942974858034436,5,89,0
0.34274694758622115,0.01885690330324208,21.03695213038454,22.559871623542683,21.02735924308117,2,12,1
0.4044271624123873,0.05166563034861982,33.076777187026124,204.22562941433736,21.460523975071855,1,109,0
0.4319810708297578,0.006099775978660238,29.34758233929589,149.80554176054056,19.473041930998857,3,54,0
0.7232122768301086,-0.2783850558982401,32.42175123811997,61.47594033327697,24.847186811632096,5,57,2
0.7333294498931459,-0.0017456029160411446,31.098948665229525,263.3106816266459,29.843770727297972,2,101,0
0.26958709256150604,-0.14187020239380568,32.668714589939725,87.41395749007624,15.515624927807112,1,59,2
0.8720618625252412,-0.09438709177330112,37.63867621088647,85.36699063599234,16.46879334629897,1,85,1
0.19893737670382286,0.08946095951228394,29.086737401562036,81.83207453768362,16.460990846864295,1,1,1
0.8348201075873769,-0.00138172231553646,16.69621957259988,230.23673312671536,25.265378926117048,2,27,0
0.18232442943284363,-0.24406907239952372,21.770635861172487,211.83560111415963,16.960310022474562,1,80,1
0.3169226451440751,-0.25617523514294466,32.7054745102191,270.9437056411072,23.53474135165301,4,143,0
0.7941123995757248,-0.1886053826295778,27.351865699391833,68.80176587528392,18.91775114023858,2,114,0
0.24718349932379172,-0.1854689120566658,28.713799565492174,235.9093786628425,22.156093340460252,3,62,1
0.43912570367417525,0.06498045418281895,29.914511384507286,171.91367295842878,26.580307456097984,3,145,0
0.46888462595418356,-0.19331132157267433,24.565731824614247,92.60388289580035,20.281173751084115,4,41,0
0.3011123578790319,0.2290316539648623,34.34738812719638,10.636239722325191,19.50346401693411,4,133,1
0.682401065095509,-0.1741436036319521,33.08837209741371,245.68426495533302,15.33949167210606,3,60,0
0.7980944125098072,-0.24532113274417042,32.85748530482785,72.3214114540069,20.31809163639568,5,13,0
0.8171516146815689,0.2254476098157881,32.88275435087362,189.52291086447585,15.248245458192077,1,0,0
0.37824415950398005,-0.1228034543539602,37.2589500413562,164.66038081794377,26.871404114359173,3,147,0
0.5352973233160079,-0.04474642209975854,29.88481948608186,1.3348615940351638,17.777280537231675,2,96,1
0.30369325116983426,0.27541583040746537,39.17680498742396,298.30308898192874,12.582152636699078,3,22,0
0.3007331312711193,0.26662153149466433,17.979817109765946,244.29880674003863,14.7993505585272,1,148,0
0.2322283315385778,0.12895013355895069,30.798974414846608,145.9413811910046,20.691629349345124,2,6,1
0.8708155888621621,-0.2586366289604672,32.92316364839489,204.10241107271492,28.325750316595048,5,50,0
0.8281508394565755,0.05600407524683848,26.93051027385899,142.97827097723177,16.011229971495595,5,112,0
0.7374341449287076,0.29344676102535466,22.20520966142341,223.37588138361923,15.287724081986232,3,7,0
0.5244824474559379,0.2681497370543883,28.750936317777477,40.298563745668226,18.131196696202707,1,135,0
0.502298490719735,-0.2363985044880343,24.11869200726757,133.90529857020908,29.355089565842928,4,101,1
0.5343914462696484,-0.062419618145778816,37.72810177669541,100.661153121858,26.90439348922708,2,142,0
0.5399857711332132,-0.1106779524582964,23.91981031333137,137.89657304821046,12.99335902149383,2,125,0
0.45634172945210616,-0.22216313585705666,19.392674817553228,135.14179585810925,22.275065742005282,1,123,0
0.20803896297149532,0.11687898674925656,29.40972850413632,42.928184933758295,25.83728406688069,2,34,2
0.20304435935219953,-0.13569098138385796,24.899814784509232,292.9465712127087,25.360206827404753,2,30,1
0.8808447669934604,-0.09308051812482132,17.397453620021025,4.647642836438415,19.776909835092315,1,36,1
0.49526522286080754,-0.24578467397914922,29.12105877494771,3.021883445219653,24.63662771348084,3,23,2
0.881628530422255,-0.001219464732800657,28.446160279142536,112.03239556009734,21.671732211859673,5,99,0
0.2341330397222902,-0.2050992818087661,19.32992716582988,186.11290480404526,14.028899657044054,1,8,0
0.5546215726727456,-0.0407457458523065,29.940954223996073,53.89596804447847,11.121072812730173,1,64,1
0.2703281477482622,-0.2139946667380191,29.183974346437225,159.9582011712483,17.389993601006744,1,87,2
0.30761137702381325,0.27230993397008746,34.34031557603977,216.83159038904367,11.238780038950797,3,80,1
0.12464475458416661,-0.21301048008171442,24.03924824606586,28.218182712045337,17.90026807841784,5,73,2
0.1975417148069733,0.013132292310379934,21.218988091590983,295.32672240478,26.5775800314152,2,33,0
0.8518156942559405,-0.1818121048086075,38.780497174269385,101.01019432178829,26.885882968071627,1,16,1
0.363657053015512,-0.25418291791643444,29.030438069569705,192.7246241361747,10.681478426800357,1,148,0
0.5986659537699651,-0.1786148286947411,15.678498972104508,33.21595745597271,11.390709350189884,4,69,0
0.4813115882312039,-0.2671355355657383,35.51779210279358,212.84591661639791,23.397341751824893,2,89,2
0.4283700211011282,-0.2163615701274067,19.91895152297352,252.13690411874578,19.999973898843997,2,85,0
0.5361465949037759,-0.003909505342069797,34.65090794114609,31.585542699186707,12.987167854607817,2,55,2
0.25353593458458007,0.09108931263454456,32.62906067889912,37.75894631101987,26.110592354641863,5,108,2
0.9106551967860528,-0.2475961109569299,39.22034310657893,84.3142243161683,14.329923254128438,2,56,1
0.7710124523371676,-0.035388825657438894,39.13948253986315,3.580744612598785,11.562985093914214,4,62,2
0.7081239988398426,0.04874821371201116,21.860265616394,295.8153883011689,24.990142762000172,4,120,0
0.484382623551441,-0.1594645942733631,34.16123953058546,179.5152224857949,22.16251949263928,1,47,1
0.2253592401435955,-0.07675295309038477,22.9213771444981,182.27683498906364,17.888854774626473,2,104,1
0.8549460037843256,-0.2568990781598348,30.729948470739856,287.6886508954908,23.85452407567069,5,99,0
0.37993739525301673,-0.16792135186014304,29.94365212386483,249.60877629582814,28.227613773824057,5,4,0
0.1410874855514857,-0.019948244448635966,16.363587890529118,244.27287929050482,10.683648855332954,3,102,0
0.38077101498471555,0.29426530735519335,15.12954374588394,101.8507109704877,22.55358875350671,1,120,0
0.7514547650066252,0.29775903776348006,16.444100364870238,100.45901803939363,14.363345940311197,2,40,0
0.6106211708903307,0.28777300867457273,18.19855118829353,87.52138794379405,19.482755198827675,5,137,0
0.715687639490785,-0.04614816821980344,21.44131228369434,104.00872853289597,18.479622577667392,4,2,0
0.7507810147671495,-0.251591772951201,37.67388058106406,110.85262840795517,17.799593356690593,1,26,0
0.27380278108604494,-0.10585593765039988,27.96581688366716,42.001106694178006,13.807122004949239,4,141,1
0.8575023191964078,-0.15737137477741361,34.922293471019714,106.78435881062806,26.052998728899645,1,128,0
0.4591514743947056,-0.29152405505408724,35.9577938026802,134.02411057341828,17.590411698554007,2,113,2
0.6239911923966149,-0.24285983382697474,33.37357746476353,92.80420162399756,27.743925218729597,3,90,2
0.10189319352112845,-0.028084838970560355,24.784628110514298,49.60409044726434,17.093365458929817,2,30,2
0.914562168697166,-0.0962025217174218,36.596484846024566,112.02311945354928,26.794266893583067,4,73,0
0.33033503649060725,-0.19178776701931016,33.551243833023015,144.27233196493074,20.889326630493755,1,84,2
0.1508917473629273,0.12965998239524823,33.57878608512631,216.2185160001385,17.712504697195843,5,13,0
0.47577487405994145,-0.08573064246202886,37.53935817913923,213.3713284424011,24.08064429195992,3,89,1
0.20580464688927425,0.21112071344792654,29.96658681144209,60.80850932499726,25.733092492068444,2,13,2
0.2249079023292121,-0.1554137038421296,28.214360749054414,10.996618550471137,19.653815805489636,5,18,2
0.6184719066847724,0.02303609405197482,37.25406393992688,91.13985654212078,18.508408567670735,3,25,1
0.42220046108759135,-0.18951646971049052,26.36154320410492,47.14089145768524,21.548379407446443,3,28,2
0.855919009127096,-0.002819630168494791,35.28926740072107,118.73654376470822,21.703267570114363,1,12,0
0.36170832557861743,-0.20852009461296828,16.346159011120193,293.80383574578127,18.509584317093747,5,143,0
0.695467705274799,-0.20305282537708685,15.032248611408054,54.32141127156629,25.15325756885275,5,120,0
0.47810153272702427,0.0673340262252094,28.20731224010892,95.66218302689067,17.99442895507616,1,76,1
0.6411600669260087,-0.14172837469453994,16.840297345409507,217.5342948958717,19.059966857649854,5,55,0
0.5917501925071121,-0.1965796640614516,39.41357533632659,152.7548348585765,22.106364485590248,4,28,1
0.4876828576623785,0.25786095008104387,15.137529350994969,13.178443072015478,29.736978038613294,3,142,0
0.8790500975920384,-0.2741980495559693,32.95374091246616,48.5070054483965,15.21372222028206,5,119,1
0.38102518705906385,0.039088867617532275,21.084617394655517,280.57486643195875,14.639055998230496,3,112,0
0.24533311102440353,0.02895830509995917,39.1888001318014,30.949497821708537,13.537745330259654,4,70,2
0.6560371299214592,-0.14963467535816413,24.538541265697404,190.5278361629117,23.78888428616267,1,4,0
0.7937262002724852,-0.02833695293230931,15.682085656596628,237.69769465227344,18.981892748368153,1,95,0
0.1330080667507375,-0.24735733015041872,15.673394135219569,79.63171881747716,17.772126801485495,3,73,2
0.46869880450659807,0.1327620875543314,28.834334293117216,217.52340094160704,14.081807482977373,2,44,0
0.8318399055436075,-0.16698171097390607,39.66779947578203,50.96855370905408,27.822767548066768,5,47,2
0.7146872675167514,-0.18396878410406645,39.494338376142984,85.4250824501371,18.863460704447718,1,8,1
0.9132823275280552,-0.11107291303349817,23.431824307231643,93.54660926526223,22.15386622972658,4,130,0
0.5357593255097399,0.24142195215788514,27.067591229722424,298.9304971692671,12.250591565850568,4,24,0
0.6411964894169441,0.17787998897012558,17.511395144945404,64.37168856538719,12.159444333698023,5,121,0
0.3480338305331011,0.26813537468025456,28.05442139979329,38.76223939007551,11.347090833279916,5,145,0
0.8769791917261137,0.09117740761985127,29.992539976206828,277.7074312444231,17.346921616765872,5,6,0
0.40039510061635974,0.09775290661925257,21.276541640283025,48.57920814610582,19.45773204383823,2,93,1
0.7055787844030355,-0.01198140034426981,30.302860897879345,263.7839758888216,14.891562988984736,4,10,0
0.4305749673776472,0.2431117940201853,37.49231879240635,195.13698829400698,16.993550117546192,1,124,0
0.5606915226516594,0.006526289562197418,15.023883335587014,173.05844942115564,10.125200680475395,3,76,0
0.6902216787176679,-0.08696395752298519,20.72334435769861,225.40161346397304,17.021769305227895,2,3,0
0.5173260044361105,0.08422500595059912,20.247989083098453,217.79968714441503,12.38342669661695,2,115,0
0.843810788065797,0.027683696040578076,18.097155075845677,33.157856825494115,12.56768956747779,3,114,0
0.4438268101008044,-0.22558811081406271,19.152530318427548,299.8398331220067,10.090121951200066,1,138,0
0.6305988744775266,-0.06436475165254227,30.647813634134693,282.5669179346186,23.927611321302138,3,72,0
0.38073719530604444,-0.112004753343312,17.567359753766066,268.97758885857485,28.62567548098768,3,139,0
0.4346884679494307,0.20810026500667905,33.46329022551804,186.68674018272205,22.430911217043143,2,99,0
0.460841088751513,-0.07269446581613476,37.175564763959585,156.83739939969425,11.924041038558194,3,78,1
0.20316175501607392,0.19293313958333558,38.164693104459225,160.88357516450048,29.79298898785008,4,53,2
0.17521341682838548,-0.03456624365943267,31.50439535799252,4.481083268469732,29.511703417530267,4,43,2
0.6473417369803415,0.152100338067366,19.9349102658404,149.84085058363289,19.364690713149777,1,93,0
0.6375245454413029,-0.21883084289328603,17.132414388497697,187.13087029797595,12.157384368125918,3,110,0
0.6435859656522781,0.2547901317950774,20.80062384517499,197.61186263248453,24.41478619294409,4,5,0
0.11620848518100718,-0.011664065520649025,39.048929644626064,99.6418395153939,29.229364089668742,4,61,2
0.36776841099085955,-0.14412105262421618,39.058630043767806,141.38470508806483,25.573992082773852,3,6,1
0.2622040747525415,-0.15510623618111588,24.54797209795855,190.89318199877232,22.484057091419622,1,59,1
0.7380841664860902,-0.14095362685501683,23.144788527438763,128.4916530825545,22.21663804742154,1,119,0
0.8057169291448267,-0.07996549624921939,27.750264556476637,288.64055969505756,29.558362284112576,2,103,0
0.30227790932544085,0.13051171960537006,22.29220228668502,211.6326329556001,11.46238673639539,4,18,0
0.6476363102553488,0.2697618257404761,39.49156129138908,0.3821238752671485,12.991120391812522,4,107,1
0.20607749883578508,0.10142245807417927,20.530534750614436,6.983844444675902,26.616228894793622,4,2,1
0.325625070993405,0.02829976256646044,24.228567054569215,207.09006104051232,12.90226160639518,2,1,0
0.21369668691140403,-0.03084131518971922,25.73427189250446,123.79352926365081,17.665929738580594,3,136,0
0.332487028611368,0.19691668022256986,18.126600577029052,251.84128476367988,15.629985121095007,1,4,0
0.6532839688264079,0.20979432146764193,24.570620669253245,51.90462284587861,14.868894328807865,4,39,0
0.8464680663519071,-0.12417739534030883,36.41826800254933,4.148074215687558,10.514439022168533,2,19,0
0.2660683744978325,0.27205214919205806,18.50902503641896,116.42470503411369,21.325025270696223,3,87,1
0.5445048086595897,-0.06293078207617075,29.600548770654683,220.8192312922347,18.02479041666922,3,78,0
0.6751407030196145,0.18004684151491668,25.16592845150042,291.51832001327057,21.031804252740223,2,125,0
0.8813964241581639,0.28009192684934,19.263418152936367,265.0961638053166,16.090164129950075,1,148,0
0.6002495959674826,0.1221948605133667,15.308404111230146,145.22238358114166,28.829217101085252,5,111,0
0.3091876834424522,-0.20306956412928376,21.833582587247506,243.84518495890998,21.82694384483055,1,70,1
0.6128920886694278,0.05168217310435852,16.54572401745005,21.099137360284214,29.224140930645337,5,6,0
0.3628027525759733,-0.22873372614265294,24.41921178241838,171.681704275465,17.000119085173175,1,138,0
0.9004252803672004,0.17348522392135574,35.25524639248364,277.289523904341,10.045790746926443,1,84,0
0.4277344308341823,-0.13121089567567024,32.99213152194031,118.91554424722199,25.625311299248814,5,32,2
0.6620507310240317,0.11712889383601116,38.68459279254417,288.0301888989347,26.547577091212844,5,81,1
0.11904661752434195,0.24605380447811936,25.67538543342673,66.2055290187316,11.17406794400672,5,58,2
0.4280503858304995,-0.19139408959789656,32.69503496479632,31.690142860018057,22.50738456924638,4,52,1
0.8175882429244595,-0.06428529683929995,31.633543052550507,157.42870082451032,23.220357340802405,3,67,0
0.6003865044352616,0.08827127284413977,20.426157578956488,272.1740615943673,12.914677340951306,1,113,0
0.46403316684470064,-0.04820484431429933,22.589562630816463,93.38376562342326,21.050491057051623,3,24,1
0.8674687495372952,-0.19510863502517084,28.245738334944008,240.04809581968573,14.863977613598873,3,144,0
0.8002671884407279,-0.2825570314987218,34.91643297514805,50.75917976408428,10.329034064090322,4,9,1
0.3642168525348094,-0.05604111377882226,26.545318361573315,223.67111880028187,27.338221807522356,1,22,0
0.5465296896738985,0.0895254159491522,20.693538404388182,167.1080824162293,19.833903424529282,1,101,0
0.5016558899958194,0.0443905248914932,39.836642257009245,52.505092618311664,25.633982018214223,3,21,1
0.6184060500941871,-0.20625525614361456,17.88947015884171,215.42617483128257,24.457860644582176,5,116,0
0.37397123890617956,-0.02958393367956802,38.8972226872832,214.1268340369282,29.87410522029058,5,110,1
0.3002481006280284,-0.0783173722912483,35.22615721076222,154.6305687430321,18.759068078023866,3,64,0
0.8483909049095396,-0.13547855862396008,35.972337982696295,67.64029129280239,18.55101213514355,2,68,2
0.8575770895887752,0.13756274631623355,34.87293957728748,39.68816767349897,15.635111341023403,3,149,0
0.7915247663248228,-0.11420878198368939,20.20427353261555,287.1765145379368,22.502944268064294,3,119,0
0.9021276332269403,0.02408517139981753,30.814559434881048,196.74376147774655,19.722250011105686,4,94,0
0.7108930511393446,0.2539341211617699,33.9187453112733,242.7724450720152,24.575222442833375,2,21,0
0.7270271274208397,0.023565589352149474,33.64214480254128,209.09115871507248,17.130233968828545,2,88,0
0.7253238754093654,0.07021374609633646,21.78913426360194,248.84209955768668,12.616894832186517,3,5,0
0.4940982573726914,-0.2560524082994691,19.527984694092034,48.74724592467703,27.248709042389084,5,37,2
0.47429079950170283,-0.19311951375495823,23.20307459786373,149.0850673641133,26.560938839293694,5,104,0
0.2969855464421826,-0.2394292804211319,26.996112009434796,200.137431150688,17.020003742314884,4,61,1
0.6287517393746183,0.15888776901350404,29.344518676591914,31.016969968565387,23.807034350239984,2,149,0
0.33724251160391433,0.2015526485501054,35.92375905797901,44.98708479852249,19.848058125512235,3,140,1
0.3114028959559306,-0.1881268240832534,34.2258556926154,190.19477827528394,25.219441942622005,3,14,0
0.5804883267587649,-0.16843694944614537,31.903763141662903,260.611741276146,17.80264737329025,5,132,0
0.43618555834453543,-0.10607562630433026,21.587232323569015,198.12485368247928,20.712784707824593,2,129,0
0.2794624192115984,0.054646570172301234,26.97201247337358,10.861444036822688,11.156322081294945,5,15,0
0.7691659337373216,0.0730777162800117,23.38589685319903,291.1298751270969,13.498199631761628,4,57,0
0.8056673338213883,0.11205237512487454,20.873204488763353,41.85207027187352,25.63531215550206,4,142,0
0.2375136061357804,0.24311565372807759,15.256134009586987,69.76867006574692,17.63130964345755,4,2,0
0.1061557668959999,-0.12297591570207711,23.486549264267268,292.4901845714173,10.702108484591804,4,8,0
0.3756265741940865,0.09525539352406542,21.402906692865535,231.30989899601246,13.352725714238932,4,76,0
0.7539588852582171,0.035833707466615294,29.297558174170415,280.973004113552,18.23196064171229,4,142,0
0.788122570312146,-0.11649765575245974,16.557544257092804,241.98590784240892,24.358262140335437,2,41,0
0.21342983749516037,0.24444911195620406,21.76298991775503,195.52034250096,17.26970083614462,3,115,0
0.734955438970102,-0.2427099528244695,16.119237249710384,85.3658996589018,24.903715087577382,3,104,1
0.19487741719373217,0.1272006160992309,31.035447612835902,98.06443250985761,27.161211745901667,5,21,1
0.419851323928354,0.1367242278135612,29.204738964215622,284.1813219133109,16.822732284114252,4,43,0
0.918859802309771,0.24919591661397694,23.43700057686183,258.1876848466934,26.00751141708851,5,93,0
0.25792447504934607,0.01114835541081216,18.683365010888593,107.84713453269794,12.53761331860379,4,72,0
0.22625013771365368,-0.10702659706845244,38.94799581921838,111.98022528621114,18.30567050143319,3,35,2
0.44669627268837075,0.1966444019160123,29.609811184715333,89.30831708276543,11.95124792563185,3,30,0
0.6081281912952864,0.16248616909943558,31.977834164301697,97.83904278750119,11.050559775895515,4,83,0
0.8649786415788677,0.00018936865168223127,28.283718831736294,258.2002398866357,11.290547549708938,5,124,0
0.9042733393370881,0.16071442538028663,35.16333119115512,3.152056976954054,12.095040541632729,2,61,1
0.1571053220049436,-0.13927463875364351,37.40950123870303,130.8157863328574,26.714518468327974,2,138,2
0.21315796422528238,0.053703798242080714,24.567763589940746,282.8519035583723,20.8735424726738,2,100,0
0.748405138594715,0.21911007287272527,32.250632805765264,162.79090655484265,28.947763755540215,1,60,1
0.32191836486210557,-0.10920929723009248,20.747187113659926,135.13373704317107,20.76000602625027,4,106,0
0.8255762287952157,-0.009870010541554064,31.296376179050963,93.71094140987643,22.574226646207734,5,67,1
0.6440316709278512,0.27062691250373366,24.978890749413814,22.17378895857115,13.689679222809861,4,113,1
0.1917127379521553,0.178927105183042,15.169539985032625,67.34594340825386,20.811620412674166,1,147,1
0.7826740136376859,0.2322234121983316,38.888196710565516,27.13752298106138,17.706050976066535,2,118,1
0.2446122316066222,-0.06885176346573219,36.71103863846797,38.00982891462847,28.628706842807404,5,21,2
0.44726622363731616,0.2979031557807353,22.27091375865071,49.05496323788094,28.67842431563584,1,10,1
0.5527916414186507,-0.2084606371897122,39.943932855821515,90.60882962528353,13.969972250044819,4,121,1
0.5106282422458283,0.011262349929785365,22.928191863913355,3.3050039986606383,22.402617278767316,3,127,0
0.6626535908044233,-0.01243597062225038,26.47110466147687,285.0431656779743,22.76351605941956,5,85,0
0.6352031225927893,0.17905931448008067,36.28147565436043,37.14572780309236,21.250701589160357,3,36,1
0.9134744445330051,0.24517066350900713,22.61490878320102,114.94466170787612,12.486594159902985,3,132,0
0.919525965563834,0.13868362614483587,26.263507109687502,263.8582679144342,23.080306376817237,4,67,0
0.5234967101612256,0.07608974167818167,31.639679178081387,31.970391057228674,25.981705698484003,5,43,2
0.17806325130790848,-0.043542485490897787,18.261688869310706,145.08127552623625,16.904520677062603,3,54,1
0.6968315051543491,0.006195550245440495,25.558759217292945,253.43507926241872,20.291034038883144,4,44,0
0.9008645441376032,0.005580187934893122,22.735248434040663,167.08878721024203,12.326558926985559,5,42,0
0.3610276378557967,-0.28777891578937337,31.91935764662045,63.103078626828015,28.613774229740553,3,48,2
0.4781912863868105,0.0018274828966066137,18.399234751509294,220.6528594237744,12.1907570634464,4,101,0
0.44831707834867385,0.21358248010447495,20.818286977523435,204.40231886025236,14.167542133364941,2,2,0
0.14216370673668208,0.1255644066853489,32.78440509381207,108.65577196407729,15.9695695160007,2,54,2
0.6512568336032247,0.1774251732750029,18.90560924310287,13.888548474412543,26.515804783640437,1,25,1
0.38973690995614363,-0.06570900613888742,25.550481555997244,2.3594069688281705,24.0131184100471,4,97,1
0.7457203771978319,0.017383942147774833,32.82201805231547,247.61786493815148,10.14028876006205,2,149,0
0.7823384617312286,-0.2799098586017397,34.13670961075013,96.46720846772057,13.67123094318821,5,118,0
0.7734092450102332,-0.07020123469839384,17.372029466791712,41.330969581771384,25.003023583838036,5,37,0
0.44166611839270176,-0.015350373064413614,36.299890235486956,155.56536784889462,18.07668982001625,5,76,1
0.36366745943753764,-0.14687466024055099,33.099307528249156,276.249988717527,10.5242706493452,2,2,0
0.714033039326985,-0.2812554126056101,23.482364717332842,2.544259356719314,29.278337566400495,4,61,2
0.7571393357510329,0.11424486526737127,34.095071308255996,16.84306220292434,13.024658258811241,4,41,1
0.5028311060409203,-0.03894734949069406,33.20747163351648,125.11347977552171,20.20933280093655,3,75,0
0.8322854360197686,-0.05059308413265948,30.02228066270964,202.78977202651902,14.966321952896868,3,61,0
0.2180051307844178,-0.15000794758289465,28.96202933514611,142.83013763011508,24.74938640450719,3,102,1
0.8208363993203474,0.02269823939881027,33.36758722248963,269.2645315396214,25.53452198094576,2,82,0
0.17879809103694266,-0.03718393123756114,39.98149754263636,13.225366661243443,17.94440807049786,3,140,2
0.22589092808478342,-0.015609316182545407,29.463806232897134,102.04226089312307,23.168992429180637,5,10,1
0.5377488108846475,0.04852280906182921,35.2179467940562,105.40436681661622,28.18147169092971,2,141,0
0.15536515375368032,-0.29620521165615876,33.60684293288958,102.03816779590251,26.296182369852126,1,118,2
0.1433018231480905,0.24461754212305348,36.39521005084564,146.30577363701718,18.297954352898294,1,106,2
0.10042537021587854,-0.2573475618329512,38.86312153460346,237.17311355838314,18.82952107793276,3,123,2
0.4577796609492958,-0.029445151610403286,19.82708018652038,95.3647849208452,27.73756548054041,2,7,0
0.7351915826596285,-0.17557627485637115,19.136490909877907,223.34496198966076,10.687456008526858,3,31,0
0.12856744722953084,0.014269421621925182,29.658795710372523,43.939641383721415,10.456231446276528,5,0,1
0.6348512373020014,-0.13186193472171728,26.23237657216261,168.2174566901851,14.115906831300443,1,119,0
0.774964400281273,0.21600389883756227,29.26806732297923,112.52640769966354,26.55243289370687,1,53,1
0.23776069583385434,-0.06218409962254784,34.95106836213772,161.76324068867117,13.064263752344017,2,54,2
0.2204282625535515,0.0832533334610624,38.29286200123116,32.32492511167483,15.705585698967052,3,91,1
0.8058567983688396,-0.15067216311127263,25.435395629963953,286.03885402827257,22.581373802803515,4,63,0
0.7749621801590777,-0.2883563097035895,32.94831613859061,271.86423504053334,13.684856201227616,1,95,0
0.5419322483366333,-0.057507278632034364,19.919979696035234,247.91889128718867,16.06232682487147,1,140,0
0.7717439010210638,0.021891893734974077,28.36379873386309,267.83484701641555,19.338254542463844,1,49,0
0.17605998348808571,-0.024271709242949857,15.545119444512999,44.00636105444583,14.562185675358762,5,133,1
0.4234748447097787,0.277208618291316,27.593764178327426,151.11653190589976,29.848273679558663,1,79,1
0.7049939960072258,0.12410350430761702,28.633411478137496,95.37274762695701,13.268920346425357,4,56,0
0.31111060664565,0.2974018803752371,33.386133394458284,266.21578239124756,26.99874209840506,3,137,0
0.7169097098355133,-0.12296394581161682,31.237119755174792,56.83130474983994,19.401996629974384,1,73,2
0.5134264556004674,0.17343196776428793,23.959918357645037,65.9836065425917,12.58247359440377,3,19,0
0.7152181101175511,0.0333350805279683,15.143272517828033,206.01433690650325,12.369723143251612,2,42,0
0.4810373030430103,0.06705621266909967,17.887146840573724,26.66989772630045,20.005921121017106,3,126,1
0.4016815589818905,0.2915119202653966,39.32651633793631,219.71015307499192,17.070403429384204,1,77,1
0.2797351575124785,0.0923923198506702,38.058328957882644,80.4381864942367,14.692045982259874,4,84,2
0.27087105997671235,0.23929013540215066,23.127329077028634,198.28060958014422,29.178782743314976,4,102,0
0.7162224646685448,0.13545014083154822,21.471323498097192,261.9113359081981,19.267594812663816,1,29,0
0.19750648538784762,-0.22356832696514994,25.910407342250934,182.88341197049718,28.57621962744655,3,13,1
0.170505527090975,0.1196542261933875,32.24850074030182,63.805119985832704,13.279994521296377,4,66,2
0.24455891931814674,-0.009410646788710841,23.92069181644934,14.749657661764981,13.669321344600245,1,137,1
0.24378413939221596,0.25127879578940543,16.68234619327889,13.384191508519761,21.92055381884903,4,19,1
0.7749482507016578,0.18410066831427307,25.06987731110991,26.643564604202375,15.397512852336453,3,107,0
0.4267754312488542,-0.23751918743566486,21.5147248620358,173.9453737409148,13.69875711222521,2,146,0
0.9121185350355956,-0.21965061380786494,23.123250280280295,104.46535621219536,11.893707708266222,3,14,0
0.21251323138830217,-0.25823339892083663,19.07393114468261,72.93209321876944,11.525413406143276,4,19,1
0.6359026570687876,-0.004053075153229557,31.471001736141186,65.79196733915737,25.063367708268526,4,130,0
0.4679581959050255,-0.25153694447558816,28.165773331130623,284.5744595709297,15.64326292739633,4,16,0
0.42219290489160066,0.13420700194481644,21.771577932383856,35.64497276762232,29.5683830661527,1,111,1
0.8175690432243475,0.031415148870259646,28.846562032656035,91.4443232317964,13.662422549582496,4,119,0
0.8999884295792877,0.20153101053188544,27.31769617918095,141.44317860575794,17.088933000476956,1,46,0
0.8157443461948266,-0.13212252679721023,34.8993714141507,0.1348578222766239,17.49817238964667,4,43,1
0.25768655680880914,0.01148447049668444,38.89960673350504,276.28595624271736,20.003055854736598,2,78,1
0.2810542953913259,-0.22951218845367338,18.2667627244664,29.729577228031157,27.41271737958907,1,75,2
0.637980580857952,0.2307660015901683,37.09783697269957,204.74118020585175,26.695404199283747,4,129,0
0.3370485369433172,-0.19499702262609703,32.61992345712255,188.65964314874648,10.199126617275907,3,88,0
0.7024746072400755,-0.238582649189757,32.31383863244762,242.71915653142116,18.185101339165254,4,145,0
0.5644649336639087,-0.17696964088609002,24.357522428561808,195.41631916864574,26.558734620811638,2,35,0
0.5517451901621304,0.18373889323378884,23.597704886623028,230.81622516479385,10.003956156534205,2,42,0
0.7794084783678044,-0.2365112833891903,15.140987120562924,126.37458263655826,20.672791444364876,4,36,0
0.6826368728289959,0.06865649690289954,39.55512186593269,146.61134836548698,15.189512426664038,2,97,0
0.1217937672977792,0.14770878036907542,30.16264580932622,210.4986306493258,18.25537098484201,5,5,0
0.14055649245973287,0.15064869628972266,25.058215598098137,170.52801631651533,18.40609399757616,4,129,0
0.5932779310139329,-0.18596346803512132,28.594220547304467,153.46156508001596,17.83508881435029,5,115,0
0.49867750201026595,-0.2630256009734328,16.01317585240656,61.667521816364804,27.83900244422526,1,148,0
0.31335141738125294,-0.030716169736669463,19.341273882291723,77.43247824191262,20.72927217939069,3,143,0
0.44329799159813743,-0.17850879285327234,30.583998124085063,107.54917231781805,28.074934476559694,3,10,1
0.7214864613609456,0.11956248540836278,27.856543242090503,2.785315627050955,24.53484814642702,5,112,2
0.7778214174195026,-0.0859843202067474,34.676870573190826,125.2090348740711,17.02240141948011,3,75,0
0.5602029156698363,-0.030387635380120737,31.468567261133426,0.8305427291738443,19.871273630979097,5,110,1
0.4160029743028245,-0.2319090401389729,30.03589189948468,169.50463077640103,17.797170764105836,2,131,1
0.32197134442598774,0.04053017192891506,35.381642607632834,211.20863069170466,26.57148556400643,5,87,0
0.5279731460307879,-0.18868548622085562,16.706577638797516,168.64458948453793,13.751956239419274,3,0,0
0.3580946872227925,0.10739139654896224,32.27216991078213,208.05599196146278,28.72824564523103,5,129,0
0.5625580123787228,-0.2572987064712638,32.88976783222539,0.003950566862243043,21.608489885038324,2,65,2
0.6548549536579029,0.285536755368794,21.879088742000274,17.83259198529287,22.23515907936168,2,68,2
0.15418495295390378,0.11071618715148701,19.891240912184863,209.5387322626666,20.336028005039424,3,87,1
0.10087532131865275,-0.19096225931284427,20.34631188639998,240.87004438703116,21.089929540898353,3,136,1
0.2740672538494092,-0.2915432127228865,19.953521585799855,215.31047126681833,23.35350832845654,1,78,1
0.8334994281294005,-0.09932226467686875,28.094554772589866,198.90367276606548,23.100705102017194,4,31,0
0.6299584258474186,-0.20831204156867555,18.390657784145713,212.214799143468,14.282941777399285,3,109,0
0.24100748858835877,-0.16895320012827242,31.48214653548376,221.87697773884975,21.64880321746148,1,94,2
0.8300164486953674,0.2236501550627336,17.62695647371924,217.31324951027077,17.09252881376885,3,9,0
0.48536387103561884,0.06192279603050971,15.672241007756405,221.40254330650194,22.740606116057577,4,79,0
0.49039524047650174,-0.1941254081826603,22.982256061146778,22.205912224554247,20.956691605358376,1,117,1
0.8671443939509772,0.033995640412469275,19.796493093326028,18.981465448387414,13.59359867424985,5,132,0
0.1487790875903388,-0.14653160794500406,39.71655138525206,108.33598296883169,24.69467835078072,4,42,2
0.2764461851955492,0.28572051861485354,22.574907515430436,158.2790143646387,19.140268949589803,2,78,0
0.5803324866268724,-0.28034566184178283,20.551602150637844,228.7857161765183,21.02883104572274,4,123,0
0.26029893785724334,0.13939105330068902,19.919245587480365,100.41234563730376,23.45285729849626,5,87,1
0.6572121475513454,0.16379821571485637,24.346322620087257,82.53512299009044,23.05743547834274,5,62,1
0.2755556772561106,-0.2597023416253798,30.146222383289448,234.43449243555884,24.978576401800893,4,27,1
0.18130871589102776,-0.19687838146118905,34.54863187615706,74.8010554361985,14.135034572862349,2,6,2
0.2697278309054886,-0.06941600453762548,24.114406193576713,246.252413044339,12.207824674747139,1,103,0
0.4466419081030911,0.2208928959174407,30.649274501069733,53.140064916011575,23.38359149348689,2,144,1
0.2444334053219255,0.022199963051099614,27.051497456984684,107.84205686174305,14.719698933313643,5,90,1
0.2104474604371448,0.09318411000437432,36.16238365633496,120.32268282791709,12.292097370996533,2,117,1
0.8054311466995315,0.16980770127410555,29.22604442896088,89.85313419229286,12.62474985618816,2,101,0
0.36272570694979245,0.19687367300251196,22.247291796977503,1.007074166103794,16.25600247799028,5,52,1
0.395822122944968,-0.01422927414979136,32.5896814294564,70.65277734637436,29.835740960984904,2,78,2
0.14532173579100666,0.005275883264088788,35.5016122005749,101.29606766366211,13.1452065337417,3,40,1
0.39304309127168446,0.13080351425266767,26.63601641909913,94.08746835799883,15.970731245969356,2,33,1
0.31714188540369537,-0.14199458475862417,39.679930972057974,235.66664894316213,28.41468303764286,2,88,2
0.6005977552202666,0.21269384181931467,36.97742197978283,14.210328760941904,29.266161262816052,3,96,2
0.2684200440913735,-0.28752790531449507,19.923866741637287,116.68460989657221,14.57686722303036,4,148,1
0.8284596715115293,-0.1825370386741652,34.66889680390594,11.254636673832374,27.60905394101315,2,35,2
0.8623266291540352,0.18011996582190193,30.023781108744153,279.1942698387028,12.778358890460273,1,43,0
0.18186146688496796,-0.09584507286439664,28.370282445195866,237.0628311093289,25.230728226010314,4,24,1
0.18807042415663333,-0.2101003003846164,27.848464664489207,294.648479771404,10.26016321294743,3,142,0
0.19456767925101015,-0.187947146573158,36.33527856956073,273.04815950880555,18.1323925848192,4,117,1
0.6080467901744558,0.018453841161641726,30.271819722586216,94.74383163482531,14.946704134347764,3,49,0
0.20001455065189078,0.20770891760699267,28.442649626343343,207.4750236991741,24.080160283182455,4,145,0
0.7989535007028185,-0.25760957053733363,16.221497668951226,91.96622624352251,10.321122627103694,4,105,0
0.7185026422490719,-0.28171145452521035,26.207571743963932,266.46335637888717,19.29803412103066,4,71,0
0.7722432637551798,-0.02089911849789411,37.70103905113769,123.22586099020242,23.934580494898704,4,57,0
0.5313696320465372,0.2737124490321808,32.79341823361547,112.76626257126964,10.934097465003658,3,85,1
0.9172753134457059,-0.13259411795152415,16.273849451403837,274.22062327000003,27.948003642599446,2,12,0
0.13622358441421226,0.275502323440229,37.09980705377606,251.0220862859563,17.22394814792898,3,25,0
0.429037270632613,0.2326087059540008,35.66668053442635,289.92406600929047,13.30531664484485,4,140,0
0.36562806852886165,-0.13011895416749333,28.6671052892382,19.946425672334055,14.509289920609216,3,30,1
0.8778893089443657,0.19016883855368805,15.560136629557038,73.00166341165797,16.778118575609263,3,24,0
0.5730259859680262,0.11152038154129129,29.060740450845017,90.2573243601137,13.967502036445843,2,128,0
0.7610765916646747,0.007093433342854283,16.364726248160654,127.30561828642863,20.211575078304058,1,141,0
0.23967977879998548,-0.046250314174275164,23.00947399093701,141.9390137845608,22.65863472998712,3,122,0
0.90247999799836,0.189301653555274,30.72274047256847,87.4417284200214,18.668602177666493,5,15,0
0.5088844284385785,0.1758476596170127,37.82282709705436,237.13512694350854,18.540642997902445,4,125,0
0.5048111025419296,0.1541618015655355,23.944890931486967,66.97324334551695,25.63399038737405,4,40,1
0.896125477407505,0.29895357072917755,36.50059457208633,208.9551939897339,16.020334259157703,4,1,0
0.41220053619805896,-0.012892523435169667,37.95902526001291,255.53049467762924,22.45537667814484,5,138,1
0.4259705201350943,0.18415378669194948,15.526097011432858,181.1094717478759,27.85843170086945,2,40,0
0.579497216300048,0.2174870201900871,20.985695943813287,106.24767776784626,14.430287301920243,4,98,0
0.2050031406491853,-0.17303845112778962,32.74655748068747,56.36737265899539,22.398014600489144,1,11,2
0.3632902136577211,-0.2747601347681634,33.92107607698871,40.3038583211088,28.959435601095684,2,28,2
0.2584308244050071,-0.057150958686852216,24.810421255426352,223.25242174471848,20.59590509910909,1,132,0
0.1846924528677807,0.21404201066206557,31.418865319321373,140.7395992750548,29.537954473942605,3,88,1
0.8102385771914365,-0.12653803128329386,30.30396543405088,13.89586535021029,16.20092088369593,1,149,1
0.5832515562245304,0.12000609244045446,33.4943740400265,295.1518520827861,21.28587785332396,2,27,0
0.3941116890528872,-0.2955911165614424,32.96646069362804,201.39095489669702,16.220715024019057,1,133,0
0.4351088894407046,-0.08678134060785736,17.146769949759033,253.25476542809315,10.074388501348013,1,131,0
0.45384558302363087,0.06931001685489069,18.956254523501524,131.45660139510343,29.946162008913166,3,138,0
0.6191823293586617,-0.22214568595659787,18.318178681482898,286.6315862424075,14.80120136074553,3,7,0
0.8599509010209745,0.23796414728846033,38.31200174607048,59.85750627723818,29.462039704734632,3,15,1
0.8648792881187257,-0.20623561372975246,37.83856620882473,55.54083688164483,23.06065653294254,2,79,2
0.42102342321514397,0.24587612700239675,34.93530673992425,267.10042043110764,28.078672178971452,3,17,0
0.3699952168701711,-0.1701664147902152,17.917964016898985,267.51511920171845,29.34405494107266,1,9,0
0.46985813015190914,0.2965672043495045,29.356786747989645,149.70584564971264,21.35658412683966,3,121,0
0.565706068951364,0.06284922797735454,19.680765652246286,37.735906606193595,29.993826886025165,5,104,1
0.4786906873887936,-0.24939306333701322,24.209598438970062,91.56493746098158,25.346598185507396,1,126,2
0.6401777960496948,-0.26083365931280406,21.677281915935325,226.2457014103403,20.47629112187147,1,140,0
0.5546071991714062,-0.2550469822443187,35.72327453718665,253.79757240039103,23.098865683817717,4,21,0
0.36298674828914246,0.0539356483745711,18.61128498798183,104.29642432344512,13.885427146531985,3,124,0
0.3834992607253588,0.18574752139643114,31.154479215251893,18.37010454506035,10.220652428806998,2,6,1
0.41044608579897934,-0.05822235493769656,39.59736659440417,199.71800447183418,15.135786952142842,4,55,0
0.17760460996449873,-0.03309854443088289,32.176364581340835,221.84911243148807,18.69941723439814,2,44,1
0.23617135857945798,0.05357262219877679,16.980837225173993,127.20440275910777,14.56105173723508,4,35,0
0.6929533177592166,0.01982436287181344,37.69623754906313,174.9292834853608,20.280717959723958,3,107,0
0.4190593034481056,0.1128370398607621,31.076991942239903,296.21144925722496,23.158882844493327,1,18,0
0.2759219574993178,-0.016928567902184055,26.407774490130087,73.49957980789782,23.115876982000753,4,121,0
0.5613913766713831,0.1283164110384405,31.492311963527964,171.89330813977526,27.87528861066257,4,131,0
0.7195424248282104,0.2983864455279805,36.976108261815924,183.28812406879277,29.326381929664194,2,99,0
0.31108633712320455,-0.08982129465074104,26.92818069788123,164.73215880733895,27.81390026719777,4,12,1
0.7779677031774705,-0.2926707222507895,28.28303707030573,260.7388673831387,22.40349918693852,4,89,0
0.8605539848925406,-0.22462497266900713,26.311184980448836,181.50225957663494,14.115283091822581,5,94,0
0.5898635138405495,0.03210851099217227,16.81478565809163,152.367006717387,28.869023183398536,5,55,0
0.6485370803730953,-0.09344532771320876,34.67675317318396,36.904507998351946,13.497207895346131,2,55,2
0.14311231206490543,0.2639895562229955,18.160293591045974,210.96275978802765,13.028547650209303,5,70,0
0.8753263106379634,0.07646765406442979,24.864250257207757,39.63220844841011,16.3513865581087,1,149,0
0.4218374820972539,0.012213111579280733,24.67057114019323,7.970968009267098,21.472111226765765,2,0,2
0.8575983284472526,0.17882370076321125,22.00101980216845,146.55934891903865,23.629452639716085,4,76,0
0.5747615702951989,-0.14484607737054292,25.062678147360458,171.7335816443197,10.26585354691272,3,47,0
0.10378741505152865,0.1918431241694158,30.450227759560715,299.716218412164,25.560445434395003,2,82,1
0.1316044394452173,-0.29816333708154424,22.784682805192794,213.69803833658594,13.500390981744843,1,0,0
0.6579434206493361,0.07180641728143061,19.31279844245691,254.5770960682732,15.929697030260424,4,137,0
0.5613877713421852,0.2608542906274674,36.734187762681664,103.9164117092266,16.441734515913033,5,68,1
0.12175659850898096,0.172715971220322,39.27081624642838,152.67440477399026,16.64891997797485,4,145,0
0.709637168202356,0.21218051528841558,26.464595596908012,292.28069719855665,25.207352044189427,3,23,0
0.798759176396729,-0.06182718289709971,23.175492808614646,125.21656564283288,10.81888724404359,4,87,0
0.5070623356002328,0.19454336766007574,16.18705194445573,242.18712744071516,13.93035636784639,2,101,0
0.48192110109294906,0.030498999018159945,15.921288515251328,157.79673532334883,10.446384623048964,5,119,0
0.10448794924439454,0.07112414190191935,24.822049891135052,67.18855545901923,25.565989134235323,1,1,1
0.7450527642447514,-0.2646507963985179,38.25605045752414,174.12559116326486,29.67444676730247,3,95,0
0.3711871747318065,-0.17906898169536473,33.26771358503911,65.41860851109645,23.190943185331285,2,22,2
0.8205861682216825,0.030578649308131534,23.731735471769376,0.9080969627223379,21.802783618376225,5,64,1
0.40590968179760356,-0.2647193653059014,39.201160629551524,70.76880464200298,28.161324267770055,2,8,2
0.5633638867171786,0.14486808395262796,25.718947581393266,57.94314970652711,15.099079727269656,4,8,0
0.3216802663234486,0.2040342051131409,21.919818599366142,111.27635315983012,11.329246102760104,1,114,0
0.23168241631963332,0.25221741677688286,25.658831118108928,266.57907114278646,20.199398099444316,1,107,0
0.735424480772689,-0.23893892449211643,20.28858067459582,116.35592207960275,15.206974063476576,3,134,0
0.507204192653951,0.26383214881368006,37.1409692550199,253.55628824729732,19.02163229361804,4,105,0
0.5399200974768457,-0.259427995422423,24.02933276044226,166.6839060394744,19.125997011636187,2,89,1
0.8916410818550231,-0.015566270443310826,31.449224112358035,2.284411266770081,16.376636481361388,4,17,0
0.890135528022166,0.20415061237668702,24.72617997067909,56.621013870964546,19.72649163166107,3,114,0
0.8016265397959709,-0.25781331686132675,37.54328544909906,279.3834135624109,17.603037610998033,5,34,0
0.2538396200673275,-0.28906135620660983,31.059518792890753,181.25203385931556,12.261186735637535,2,15,1
0.5873036093272955,-0.2850313687760096,27.20629725703249,278.86405757168217,27.3345141481156,2,109,1
0.8200808882175407,0.006762143661620146,18.303574229533464,93.03600609103586,24.02547428860452,5,88,0
0.4070604278881289,0.18695804675799776,37.54791657130511,214.96871348482284,10.82617729999681,2,22,0
0.1829070560671797,-0.2235439973564402,28.670421706794272,231.60754796917794,12.315728505426126,2,82,2
0.764989579836736,-0.2252338475522756,22.126324324035437,292.7098808208766,11.93028941424048,5,103,0
0.4950461121169808,0.04112811302987496,36.948172295417606,5.4529449506882095,11.234870940176553,5,74,2
0.5628019978945265,-0.15942263951284577,16.361010684860194,285.6711645369739,11.181135516810954,1,107,0
0.9053583229806325,0.13812824108692434,22.85192293323929,117.47706528124954,13.142246658724005,5,75,0
0.5979133730051391,0.2697812329060499,28.42071003005369,251.3977217234601,26.957388170598563,4,53,0
0.4484830962462032,0.15962004396024781,23.495358401082328,163.41387546632518,26.564665923963517,2,33,0
0.4033871816347022,0.2263052198273499,26.918356384471444,169.39486291000964,25.662929505567703,3,38,0
0.44244781997631744,0.01175163454300221,21.607906308274597,107.81336645593504,22.294130130771457,2,121,0
0.19708724820650841,0.19939158253051997,18.252077273322428,248.54177711345926,24.469871064272688,1,55,0
0.7516954579024089,-0.19025808960799057,15.921353465421292,79.20407125135002,24.769624216806122,1,107,0
0.7869278237133738,-0.25899126576262355,18.94116412280355,147.67241585358195,27.786257406153346,1,53,0
0.33320565035019534,0.09357186607481155,38.823662850620295,168.05234963024262,24.646860592715313,3,78,1
0.3491132270961542,-0.26882849774516643,29.385078333418463,222.75632802824651,24.72918616041931,5,91,1
0.8169540901945469,0.23548885148380833,27.224003131948788,141.49060111246112,26.081623454269675,3,71,0
0.11965569153292348,0.11493248826445113,24.608095982642716,204.08486965184812,21.127097118552637,1,111,1
0.5267751038891267,0.27132043524534716,32.71050364958464,145.58822890439262,14.260575800852184,3,138,0
0.48021408603883087,-0.11166800621205861,18.531486897652332,197.7961910875784,11.690849551381167,4,129,0
0.665903951054337,-0.008305014479027484,21.903246691316586,202.24304286244447,18.380871207637977,5,138,0
0.2339811941225527,0.1450142190270714,31.39755299159382,212.83246815877314,11.83371343372125,4,4,0
0.6480312074520261,-0.15433260872350765,26.976609114630698,246.9899381580978,13.386080631086623,2,113,0
0.4089218864573987,0.025109292067000133,34.25231347397722,162.21676828797519,10.4768002352487,4,108,0
0.6073461180991065,0.09568036500328686,37.42774609891633,57.98344916096798,16.004125820730195,1,61,2
0.13287790809567626,0.2872851926682248,35.584314784266404,203.8922524857166,29.399956448040367,3,47,0
0.47861630169129776,0.1468219765454309,19.6051928565183,23.13542504764856,17.57862545328821,3,7,0
0.5282457330655452,-0.2291214898325556,17.28675588817446,65.6865067383552,14.817852121021627,1,125,0
0.27574765034108906,-0.014799929170013826,19.23601501362621,237.64725859943974,18.06898954276463,1,126,0
0.21449139642687898,0.05326246979374327,34.58826729000576,130.5210432990198,16.026770404133547,5,11,1
0.25454892847008714,-0.21202611428138834,37.84577723731776,149.41325029536512,23.477536458567215,2,87,2
0.38219568401194537,-0.040820365811352954,38.136221692596436,296.219075545059,22.68933522318161,1,82,1
0.1793843224300766,-0.12959651019850618,22.45539473426114,70.55174575467538,10.546858155409923,3,25,1
0.8768022324982757,-0.2287034746427844,36.008534450338956,5.865824860780366,20.226463116135704,2,82,2
0.4320951304265702,0.007225160078072723,28.405888375552415,33.41178285535323,10.723993753508744,5,121,0
0.7633550740555342,-0.20062015139259276,35.569796208705185,73.35055789824888,23.547265328285498,5,48,2
0.8990220409492543,0.05432244515143403,28.709121059500028,217.77600731894074,28.71616661254517,5,108,0
0.16620292960224609,-0.19818184065488073,18.647330494477956,232.7466095954286,28.14975757454838,2,145,0
0.6343689637066952,0.13415695416169265,16.980488776827436,169.64668620423413,14.11424224181853,5,68,0
0.8145554511277955,-0.18285502618219773,38.93047873023349,76.51391960944841,24.85290295442787,2,16,1
0.6200722358527172,0.2377710604656897,25.645063910789474,156.5225683580471,25.861319420811306,2,44,0
0.4518014195130784,-0.2842743860707147,23.763016122432944,4.487266780180265,27.287350662187684,5,20,2
0.45348261326310946,0.013198432227441548,23.907577119207758,204.54028282253887,15.19197341601042,4,52,0
0.1294370865260343,-0.10793714046807185,24.473360286886802,184.28926662275035,19.016696919443202,1,96,1
0.5383726160572058,-0.16495408453524552,38.624920697358455,6.5389618144630735,14.430088580731809,5,30,2
0.9147052573652149,-0.01703833250091119,16.5676146850794,245.1034900898387,10.486189144223827,1,77,0
0.886140171296986,0.20521172179455643,17.976532184557477,229.02796054863654,23.18025255729914,4,149,0
0.1331273676505738,0.24916632331598926,34.74128788704623,92.46712367049393,18.62927235786291,3,39,2
0.6787535429761803,-0.11805082911129253,28.735237283503466,190.6129951896918,14.962337611271346,1,131,0
0.3474471906914833,-0.20745382674295726,18.2134189490238,180.44788903949194,26.94207894599224,4,45,1
0.8404511057930322,0.13208426853978433,15.861503419458408,42.95408376806108,19.913612799584058,4,92,0
0.1369940914816084,0.04919923527359299,20.605858706980683,57.97779033430975,29.89315354425181,5,23,2
0.8674167636490862,-0.17939031079346407,21.520268442756777,204.96184086843886,25.86715653877934,4,40,0
0.7867301099059771,0.15617747285246192,15.35532573936605,280.06549388100257,27.384223994718397,4,130,0
0.19635359344713327,0.011358261145284654,20.402263458429836,172.88529620962595,25.466644975953436,5,88,1
0.14905595660018534,0.0920371197044445,33.45797342380999,170.34394366786347,12.118497979012432,5,85,1
0.7844602847480875,-0.08439657962196676,36.38584224092509,194.00450841115156,11.300580013073414,3,76,0
0.2277212901991551,-0.03654146321857443,37.455895744242945,132.17349005343866,28.30157545228927,1,36,2
0.5386164854402139,-0.19179474097503468,24.747850816088587,16.251613050403122,12.763943760796042,2,139,0
0.8509107834605418,0.15390952058720458,22.985343147588942,118.95115401740915,17.824523013485205,4,59,0
0.5653074531104452,-0.20579320550892488,39.99652120519719,270.0756630353669,22.19822023111862,1,1,0
0.4257313072077158,0.16698155685063681,34.233511273039724,241.48404011746456,14.237966998039912,1,136,0
0.4649131649802737,0.17880471293075162,28.43380202268886,278.22707057311965,14.505700874155536,2,6,0
0.15175607997717425,0.14796057843307298,21.369285817234918,45.84947553972317,19.32482684582753,5,133,1
0.8943769035165111,-0.2883463271647557,23.032636322127615,151.78732711164886,17.217901829198542,2,39,0
0.35473643176648795,-0.13612007243599586,27.88410872073468,175.4184464438831,23.53151334039609,5,10,0
0.2552780631717402,-0.018997354324911786,28.552072994768764,62.97765299789233,11.50152391041255,5,33,1
0.33455878750912416,0.057326627230077476,15.341966106841946,60.29107178069102,19.775173389556393,2,98,1
0.8907860198110127,0.2515332596214301,38.98500213178686,234.60987979284067,13.48519835431034,2,81,0
0.17731456386016575,-0.07463641672277863,29.390156183789088,201.55557511566198,22.13450018001496,5,22,1
0.8111884932109688,0.22501399126437244,29.72895611022833,194.15626104454805,12.324265835206862,4,45,0
0.6804319934091873,-0.20194242711789806,20.28677834384548,80.09623739490448,13.952637330588274,4,31,0
0.780615726910403,-0.0772317074948238,34.1246794700312,152.03082727416205,26.07777965686627,5,97,0
0.9002359831016751,-0.2686307935072062,33.43161300229607,6.920986046798349,14.703339800760276,1,129,1
0.790566817523835,0.1454935746333733,17.378949335119103,38.983815780128374,24.741306775876513,2,38,0
0.8735735280478394,-0.2096083455402522,29.874859306498006,155.47525882823737,15.461253993763819,4,134,0
0.20408691056855421,-0.14578799061092532,31.454843633246995,92.90168268957385,14.700550104676623,1,61,2
0.7525466234369155,0.1651399513159289,35.88920436434694,289.70092706895497,15.983095657625348,5,12,0
0.5474540691464592,0.02083003045362597,20.152279472942766,141.44541698010318,27.61863968845497,3,48,0
0.5456663879654858,-0.29161636834892246,36.94086992016015,25.0692469070552,17.94331318673456,2,131,2
0.8371156925828211,-0.2986588771515617,26.537026792689893,5.3527041765937255,14.875210597679473,2,121,1
0.8968791312903033,0.0063963790439382495,17.41309048264112,217.57736215430143,20.73278947393826,1,109,0
0.6779674248954084,-0.11702669175048311,17.640530537771898,51.45202141509417,17.712828235702712,3,59,0
0.4960094793668628,-0.19181313240289372,19.94511134182924,56.343710701517715,25.80395039543326,5,116,1
0.47425116347951324,0.06815636262966657,22.06876764963271,127.14216679220132,29.808912366260554,1,106,0
0.4167999949230091,-0.16293811696954374,27.41014511149499,79.21817674603939,20.531488853316674,3,118,1
0.3965112042495834,0.05532428981096876,33.718779943613995,184.97312392385683,19.034977953056988,4,83,0
0.4210356101812338,-0.07244042964823627,19.668147550485806,145.70775216712914,16.86070796627771,3,76,0
0.17359765290598012,-0.18795226939812615,39.81629486248841,33.435180443169024,29.466774645402754,4,145,2
0.16349758991355934,-0.2171371572787508,19.038048294257816,235.42225437283452,19.66566552009364,4,142,0
0.7394932719752957,-0.15788363812362716,29.984449193053685,127.75765632427442,13.559937198720988,5,80,0
0.46577977219458544,-0.28210073519220896,38.223510896783495,183.25029587679018,29.38431810769352,4,30,1
0.8631612806065888,-0.11512382277823893,35.81268557192068,1.1826997598045175,29.217642519987137,4,61,1
0.602021227047041,0.24117281410907648,31.197230041578997,187.92001003096112,18.71450104670153,2,75,0
0.1288443053912242,0.19881727552981693,32.88732491977247,84.85495710928033,16.963720260659144,1,101,2
0.2291691398803332,-0.07679774596820466,18.355140667634107,148.31122296299804,23.60874893377271,1,47,1
0.2687722302706662,0.04550017114908228,15.241576344006205,89.31618114638692,26.578482615712197,1,6,0
0.9001035399995218,0.04041633540843509,25.853719609009318,298.87822339267285,19.970642645670548,5,123,0
0.2793374654443406,0.19724252351622734,17.237973158457578,69.25269441348706,16.616259821060666,1,142,0
0.5229196545562022,-0.15822593908982063,23.94381404782061,273.85788044677696,16.027880217260268,3,12,0
0.8676650839449609,-0.12216750672419258,20.59356983924344,275.38998954897505,16.53197454428836,4,47,0
0.9012980385297731,-0.1189287397526331,37.90866805951857,126.30019588031031,12.360658802448201,4,65,0
0.29381555701450657,-0.2754780061369954,37.00139997520144,91.20093465700687,25.572408727104175,1,114,2
0.14027646787503292,-0.11118728202648467,35.47357121327521,114.31066406963734,12.099197270382728,5,116,2
0.22595350268096198,0.22674826595280412,32.84860746034969,296.8017262175394,17.966289898677054,3,51,1
0.15192935253609763,0.24719258854288856,18.851798227600675,185.63886820128184,26.6988667428173,1,46,0
0.26000187769571587,-0.23421879253886976,16.20918565497879,163.43407134619156,18.082117913837997,1,60,1
0.566227166057063,-0.025164875028941158,31.347196446367313,10.775364401828192,15.895235958519047,5,36,2
0.8482080129624263,-0.07119065904741653,31.05645342937748,254.3529091191077,28.965074476065343,5,65,0
0.5405194846293588,-0.006384482025967253,24.235607118862024,25.1416367421597,12.530875070660212,4,39,1
0.6133114364932463,0.03283171443520633,26.817166660889928,14.091710110314404,27.697078055689484,2,9,1
0.2655311463198237,-0.28784474398935234,27.228734705949734,82.4574258353976,11.241535974736092,5,107,2
0.7564785689525572,0.20534534875269644,20.99820331866266,142.73658151725544,18.2705882570514,2,118,0
0.6065869049745782,0.2841984439040031,22.854165297689647,268.58668800132017,22.63442110995734,2,43,0
0.8085921999380344,0.0920428872021854,25.45973886658754,237.0236397248516,17.400767682833617,4,60,0
0.878051347744743,0.09627134309602153,30.079475747789743,59.28964335175289,20.692128419229167,2,60,1
0.3852786361204057,0.016787914698425055,38.89548015043481,111.62385852818296,14.080033331743644,3,3,1
0.17427482799906027,-0.09943595297137095,28.462115237976,234.07207938566484,21.380690349336735,4,81,1
0.28526174549176164,-0.21061330549228735,33.279097738580035,158.1277342407292,12.691174337984762,1,68,2
0.45903008385418653,0.0504380056176304,35.17502755988883,52.34758260722378,25.921926321791524,5,141,2
0.8754687944960682,-0.27303515789447574,17.83770303271384,118.81656080350001,21.6757982688426,1,55,0
0.4102140543462005,0.19470154061512435,31.328116688848525,187.78074135291206,19.63864229637705,5,119,0
0.7320340352056034,-0.04745298031763073,27.052768006360612,291.9677024426504,11.093335916661626,2,58,0
0.5431908875800191,-0.0511474655028151,29.310773556197304,198.5436164569227,19.995486718334448,3,27,0
0.24990319175340078,-0.10369748491445654,15.960423394226115,4.858548669419083,21.271388607224807,2,52,2
0.3630019775418304,0.28161233321915186,37.65539341368463,211.50248298975845,15.31335026814329,3,132,0
0.6356173457187113,-0.19504982833756868,38.81960373938625,75.25944223716915,23.551806818164437,1,38,2
0.6517397836416127,-0.2092153071148733,15.087048092115294,258.6476742641445,11.535302974270412,1,126,0
0.45650299238341785,-0.2006810990729819,20.31978980103777,115.16697246784156,14.173781628969914,3,99,0
0.28748939418293407,0.09511648971045839,19.50485434272375,59.88451132629007,24.750970346484706,4,111,0
0.6919635592003947,0.295137191237759,34.53261293199628,140.38415595307035,12.944444378520483,5,112,0
0.23847589412242612,-0.15871489775894718,29.952001477795505,76.55939229450163,14.910976392452323,5,77,2
0.8680691473294039,0.2433704382404927,19.433341582418294,70.74644654935517,23.017106958087687,5,90,0
0.2540809348099109,-0.13283006447509654,35.34927388297151,171.9785402320479,24.576834076222248,4,10,1
0.18799613752266675,0.0887399520751801,23.83687179514371,230.20388125526384,11.02978509246864,4,104,0
0.5080711159396106,-0.27570062883997937,26.521421907327557,250.48631224796267,12.531788265044302,2,106,1
0.5260306704499491,-0.0026076152542865993,24.682665133016137,119.30096114111731,18.922360116865253,5,15,0
0.5167181901181608,0.09274197976738907,28.034505161030737,20.041129079081788,21.855898896643925,5,77,1
0.4580673412578484,0.02179186633357716,27.00356172071813,145.19249953966602,19.075624686912214,3,76,0
0.9157482121202789,-0.15729876907092533,21.864600066561067,130.13444310851577,22.941399856235158,1,46,0
0.49875010238987716,0.19709816896074933,25.61390093734601,59.09368447591182,25.119858130439177,1,9,1
0.4919161962066615,0.28208190674294414,37.708428746357505,268.84347034323605,28.990876950158047,3,1,0
0.44584817142594024,-0.024482342584760786,27.572353411981126,292.2444759062067,16.997614262588943,4,31,0
0.1547971188551996,0.08155155911355222,37.90966026055939,15.524156409924428,13.262095370089321,3,34,2
0.5862244375426852,0.17424796100734352,28.753176195449115,238.72391395722974,15.281680085764078,5,31,0
0.2869335732230096,-0.1551065636269236,34.22043233160397,193.71496738246162,12.96328890103582,3,90,1
0.6228393637878209,0.21867022915727125,22.339782741492822,78.4308774497724,17.884912839458323,4,63,0
0.14168343879775128,-0.13187945681400148,34.7603372511102,190.54683548484388,27.45134531803131,4,16,2
0.9047374230274614,0.16549848210914325,21.60804032462464,38.59295750504235,16.941197938887132,5,12,0
0.48458416479039124,-0.23274046054414677,15.488749291074326,20.821952489249185,12.976454044451934,4,98,1
0.8353394047043727,-0.12696797795149817,19.018223579442328,298.04672251567814,20.452657640459385,3,140,0
0.48996016205100656,0.02017196036392066,15.541321875800922,190.91095753759802,29.8388763332028,1,122,0
0.14947127123086185,0.014953257422589072,38.67656604728572,75.96678735997006,13.76362437337519,4,113,1
0.7742151077969217,0.21025871069181973,39.99942551044235,135.01018677112978,25.557499035134438,1,47,0
0.6315106583270502,0.29767635458316427,34.055756590488016,285.02645468935214,26.467178871486052,2,105,0
0.741040779010635,-0.23567349248391561,17.70320409378969,131.6175205160429,18.026766870020037,3,12,0
0.4510992880772762,-0.13716712030497777,37.47363650831624,270.1333596007033,22.391028773290497,1,25,0
0.6231081302822489,-0.08544107386615452,33.59440458165261,260.6427593935385,18.647469015023773,4,20,0
0.8021077831132182,-0.012648955313996957,23.306112885052197,103.24689482725299,15.246538730799436,2,27,0
0.6174736631549478,-0.0036541541073605854,27.5569477952233,208.80270122313075,18.522376001447206,3,53,0
0.3850923805654407,0.21371703788905,31.543983531549223,198.14955113477774,11.905802732601432,2,6,0
0.6432742673802839,0.16233558167105983,15.601261891831781,231.36356118595256,24.139122273217854,2,122,0
0.6509204346635352,-0.288689052577228,27.53852280249738,109.77874928024563,26.58386063258608,2,107,1
0.8876813092554325,-0.026986943650087247,33.30988583137463,15.670949549439817,16.147998667409656,1,95,1
0.40414810366416876,0.07084430294645327,19.70563429740832,51.311772333753304,21.32953648759965,1,26,1
0.44856704936158764,-0.02376264774418596,26.094764336983324,184.96610630212774,14.642970640788729,4,130,0
0.7659408281733886,-0.22161284638457862,28.31325322962333,232.53005606920604,12.549209003456234,1,0,0
0.5147250980890479,-0.06151554978561108,33.38913429898081,226.8145903606788,23.272371302243194,3,149,0
0.7039899363549011,-0.053006582922158346,39.11134276982769,175.1044755345092,12.682151930158248,1,109,0
0.4769617608519455,-0.18737044653014473,36.206888700107285,25.427443714467746,25.639581384123346,3,30,2
0.2767060162864144,0.15378426868257206,30.537960505748757,5.186588155743744,15.435090975018483,4,29,1
0.7110671510804288,-0.10715959191451391,29.591016870870234,234.6425271966218,26.370267860053215,3,104,0
0.20754723873146214,0.053392374341169724,30.079667326816768,164.81293025695882,17.370091487808537,4,121,0
0.2628386040956726,0.009438108575260507,28.629466066494345,234.81363081945236,17.376851852859694,2,69,1
0.6139964858830511,0.22645624752983323,16.484072006473088,48.83653844381666,25.011455213449686,3,9,0
0.7127612361574972,-0.22679104088229707,32.45740986470513,122.22695123134307,20.205315492709424,2,74,1
0.8336440672316083,-0.2314421950479239,32.908420003240074,275.75078612339195,14.019548528197479,3,71,0
0.3235209278810312,-0.11980819852619054,27.812009056675684,51.479397374149706,27.0081709610687,1,48,2
0.19079389205245456,-0.04127101912449899,36.75969013506358,18.4580711437633,16.80306418471519,2,135,2
0.8839582608085559,-0.12087465074871628,31.810920068916964,196.04021513452452,12.05553521676803,4,51,0
0.22662693217815683,0.15791224943714627,24.066616446425424,178.36090218652689,18.32002089845755,4,36,0
0.2620869254488044,-0.1528404941344202,15.492358839965856,285.60915175732,21.47923526339358,2,101,1
0.3388901519179419,-0.24913515433665315,16.479041162442,271.94052631646275,22.197706678781948,2,92,1
0.5341009103015557,-0.051720114069511464,23.794956541044655,224.8291170661713,26.7121569060764,2,93,0
0.823916964147944,0.1640275728830904,26.55263312996707,5.7471713634756565,20.828136475869492,2,75,2
0.7236477386384909,0.21033716615204473,19.171777987710627,144.11609052196803,14.474209661347002,5,47,0
0.6806891941509609,0.1400069090180105,19.733207660565803,268.83058096111165,15.23332661471816,4,38,0
0.243648065641923,0.03473200709984642,20.755283969483408,130.09532643434318,12.016811765888054,2,17,0
0.3932997578512989,0.13451502104950602,34.512833489406816,288.6437158838984,24.718485784725235,3,27,0
0.4922920393910759,0.10883372118231682,34.282196023794285,195.74639419319476,12.118830929995159,3,86,0
0.2208892818581804,-0.1593800205029635,24.573474635344468,32.83713826283824,22.116252645495912,3,60,2
0.32421235574387147,0.030455335321916244,19.309109539609896,152.78162255600506,21.938947880932265,2,110,0
0.35283322724133226,0.16236559958305918,17.77270962658673,208.68514069354427,25.710071139507157,5,120,0
0.2043664826298122,-0.10972760287491706,17.17823280117933,19.610691671886205,11.492593993708422,2,83,2
0.5511965473647713,0.09238388803015884,24.781981272484302,103.39485962123022,14.058226870223427,3,15,0
0.6781231211498382,-0.011111743488720904,16.138560833027984,215.1243189161959,28.19124754046277,1,0,0
0.1573439378110262,0.0018953105670119763,23.340875928158376,47.121408692110236,21.444736589240243,3,34,1
0.4945209434457828,-0.24596697733070416,39.03833106352843,104.50196948115678,19.153804262201568,5,42,2
0.741413180119592,0.09973029918322784,27.68761539025097,206.97309674017018,24.953525309245634,5,11,0
0.7133519057410065,0.21941222121271203,35.56611642087972,232.66227055923414,28.050609021783167,3,116,0
0.7683599388993784,-0.2151412271844823,18.231648647384976,155.55353814762617,15.260192738990979,1,55,0
0.46755731919989785,-0.08033660267013037,21.70196956024262,287.0572583100029,28.029512576226868,4,111,0
0.7728568077646858,-0.270799527095499,38.66366111360022,277.5992576396989,12.173892520815073,4,31,0
0.29741751839570096,-0.2822208684141653,24.58879742335059,142.03111617233554,29.55366095459756,5,1,0
0.39586466036236256,0.2937950980030462,31.21015321120806,48.08232303339671,13.297036501992203,3,20,0
0.2446115726625971,-0.003917095016169214,39.403169479064736,231.87946916518754,15.324727372045878,1,70,1
0.4833373223314289,-0.08668858881885216,28.769693908268387,72.9418726179432,11.931878801832825,5,71,1
0.42148921838066344,-0.13507375402498864,22.6336487307184,252.8463929997315,26.073530137732007,4,65,1
0.297560235459736,0.2880075869669754,28.298711398801558,176.14330234652948,29.684641240833578,5,143,1
0.7164601815692409,-0.1486495286869898,16.36592998327148,118.22790191932397,15.939530171395361,1,97,0
0.3573543531315502,0.13542503744264595,17.80924685231728,166.91500757476325,16.51223920803588,3,109,0
0.32369955071958534,-0.1297451425164397,15.179277626306748,159.84263053737817,15.57959806760005,3,18,0
0.20733007129740597,-0.2577062967858485,37.10525103912511,277.4198537699753,13.096562004298502,2,69,2
0.45983379547759795,0.1099659687107648,31.78201072248989,64.30891492846885,25.74888433477385,5,93,1
0.3484309956465877,-0.29902149142208106,22.458244128318704,278.4475357655029,11.214396800182449,1,87,1
0.40280372989959423,0.10544910693634169,20.529035480182614,9.40231243795665,29.355482609485655,1,142,1
0.29351775534885316,-0.14977404060610613,32.0769150289445,230.76098445992298,28.546310490180964,2,71,2
0.7257875016523184,0.14766253924290074,37.98830161963206,275.90043921346955,12.368781705684928,5,55,0
0.8626027448308683,0.1618501004103896,22.47847727630277,118.21565729595886,20.590477024209648,1,141,0
0.5083041192868879,0.13446434329052276,23.038977734669544,21.92015609858018,29.85702717288674,3,50,1
0.6272587071394827,-0.28530993511943376,36.35601812984432,241.40025944811302,27.052384980968526,1,85,1
0.811081266817499,0.12224197178626106,37.33439539709381,252.85945670752054,24.302674519171187,2,4,0
0.9190403026136,0.2940873684334579,37.85091417074446,100.87721639653606,10.44921890881804,3,24,0
0.6030835174784623,-0.15442477888462627,22.328855200167368,155.57798570577182,11.367548907364828,1,8,0
0.8296191625626924,-0.13545685666479687,18.00781418990872,242.84072040304486,25.88034196885385,2,62,0
0.8450587621756265,0.1881159297483237,25.99993929996355,57.612893175035865,17.528897083819373,3,139,0
0.7489902200022504,-0.20376191696635165,22.394121628529525,188.692726917381,23.368637549180953,1,10,0
0.4779637406799504,0.09635020530273092,37.096666670295896,129.18919785474574,24.78363254086316,3,146,0
0.16654628034759744,0.15301582650034706,15.915873545088623,52.32472567627906,18.44368355050178,4,130,0
0.11296055546090976,-0.2777036029083857,30.847011740906808,249.43206217528788,12.86763501401559,2,0,2
0.49130451929199825,0.032257256559135694,37.65453414370285,97.40424965997802,17.733890061584237,1,2,0
0.5053379174983866,0.04552635512152975,39.41675917015165,280.32783469650485,27.42096884637209,3,135,0
0.4340371580476373,-0.11793426156492348,31.25326498245108,170.6801609459406,16.621715580639574,4,87,0
0.565897228058919,0.22580680163851036,38.748073925559495,154.3529944154215,11.25298885189146,1,26,0
0.5527734167096302,-0.20235016842008618,16.891486565626682,126.99178326580773,29.182628343695633,2,143,1
0.7860226936468082,-0.08148317429648369,23.981958649905994,120.20126695689162,23.61353817947737,5,84,0
0.18909882467505518,0.20920121228839755,15.217867433168342,245.38988245113117,20.817135038751317,2,95,0
0.2846456862065473,-0.18561434603640448,39.529594304770455,203.2502548458378,26.582146933624756,2,101,0
0.7502640827468969,0.192824481796605,37.56816196916748,232.10703933702672,18.223213561941918,4,30,0
0.7952262311233967,-0.25255849357922655,15.701313906205034,126.32524788336258,29.702315880211906,3,53,0
0.9157558551691116,-0.006462559686005953,15.45331626149415,78.43116741082063,27.151461387956473,2,19,0
0.815787853437409,-0.25480160253257794,24.174237352659155,26.05956555845459,15.610894833119815,4,79,1
0.8297171857993115,0.10674215103690854,21.463449169772545,232.99679699521343,17.4209597435528,1,148,0
0.35776531295652203,0.17436089343336014,36.173306931062555,124.58292915531123,15.514859283968914,4,94,0
0.4293625398876887,0.20991512894808168,19.012110081796557,152.7670776290049,23.186816856964775,2,103,0
0.31982978595285183,0.2887573504463932,34.76623656752143,140.80297055911362,22.786638621348093,5,29,1
0.5971655065180268,0.10320943337975208,28.86149249976658,129.34135691077205,20.45011747025434,4,81,1
0.8698203904497716,0.16143714830401218,24.434794285124696,205.16987312035494,29.316807491456622,5,149,0
0.38260552693952654,0.0034549669927976256,18.64299404333447,182.62023472758258,19.445505763553793,1,13,0
0.5567414611427892,0.24764214070867568,39.94228264899178,291.6161395932917,25.674447883931308,1,30,0
0.34296569697185775,0.08625502931967755,30.449653023038415,41.6711722947695,23.161902343533395,5,107,2
0.23923597849362016,0.230130843750806,25.984555814199858,172.05579396981503,20.363698802893367,2,1,0
0.26005213445129766,-0.1587287897916715,24.27818891381829,18.972049020694193,10.841902144227966,5,30,2
0.14751518252126655,-0.001957331569161447,37.643205765771384,242.37552561245997,23.14990047640263,4,141,0
0.8784206888675911,0.1378913526382824,35.52979520476902,184.89339997532792,22.851901685524506,3,2,0
0.4303612789762563,-0.17836694726239005,35.2796447092056,128.51364479776137,12.497479891850961,1,64,2
0.7839791314417287,-0.17319612404281304,30.40496182405982,240.67069639318382,25.918299507213316,1,49,0
0.6586901676055468,0.28682564424338247,37.19891456739504,136.50078254747348,19.339881668900844,4,59,1
0.2573753523570901,-0.03923378355767637,22.48195930305176,68.33582859403415,16.482920288096174,1,38,1
0.24387904219485204,-0.19091072824573702,32.592653379082236,141.75022833310106,26.479187716919316,1,41,1
0.7658303252386468,-0.10112167081109638,25.111193559797314,21.249538991201756,16.867419189956472,2,114,1
0.31706360270802064,-0.06157431104044464,29.999970213992302,269.35833289181625,22.437015825676525,5,3,0
0.8488938506356202,0.0738511544821327,39.95382501531732,219.28751242033835,22.358296029129846,4,19,0
0.21484543184538232,0.2538087954286515,39.61311951688296,228.09473586450832,11.05611965146534,4,39,0
0.655721063852665,0.2919540455532546,27.815475411686208,262.3479912055327,18.45667261149432,4,123,0
0.7678685783453658,0.0910192553466675,29.346586304120613,237.47177664452508,14.455574998639129,3,58,0
0.2929102385008289,0.11995341647863483,37.43304422843252,129.55577707603194,13.991413238021117,2,5,1
0.32649003803438414,-0.10690249818204658,39.640892812846374,35.59092045763489,23.099237772544196,3,78,2
0.8909054866341454,0.21429515726924947,34.465195065652,112.00943399428583,10.228199905715075,3,94,0
0.3169700363838498,-0.16932099886781107,16.62961144896577,280.2254143139167,29.38157956428993,5,68,1
0.4525647809180392,-0.23617161041341944,23.0659933585966,284.7271473694139,17.907820120096424,5,13,0
0.45466278645874025,0.2839535940585905,37.4140584980077,230.36125965713867,15.976070568898102,4,131,0
0.30748849494234054,0.21848320609231936,34.20881264626202,61.329174921416254,28.399487998749148,5,128,2
0.7361486908784143,-0.11781291927711998,33.55582677561068,58.33495753924819,19.7334428421369,5,136,1
0.7329164614479073,0.1051024298286295,31.698080761703526,263.9314532642161,22.286505029705555,4,144,0
0.41022077166350424,-0.019788985552080307,25.381596240809586,42.57477690333743,23.91701497273923,5,47,2
0.7848031486862017,-0.10612307631271747,25.081033008617545,175.24124319974678,27.42822546968927,1,63,0
0.274721446207182,-0.1279354735438231,35.22331218977003,113.47550468372035,12.594839796341121,1,143,1
0.10353073604749649,-0.2183835328674561,22.34450729412677,90.60330238835296,11.633063581840473,3,67,2
0.5683572368857077,0.029590849365503546,32.12079681752434,203.21460770309415,29.874215686694782,1,129,0
0.9151437734109504,-0.03204198592949531,33.155213085598916,287.87072299558133,10.17767603252141,2,97,0
0.1316883340580454,0.007311852179966605,36.11389973403822,233.29012147208957,24.16389507230052,1,139,0
0.2705584204409377,-0.1707856995123573,22.997139767675392,145.84877793046618,22.221307239172422,5,1,0
0.5255100068394091,0.26316640246394857,33.54723167095506,132.2134524606649,21.05102043418334,4,105,0
0.764151403884794,0.0831547177983249,17.662247439467173,272.29925649671605,25.716559183601866,1,120,0
0.17301444416154366,0.23976039443000213,18.451543223797618,173.43212954212618,29.849458952709174,4,29,0
0.4240924160822934,-0.2344373003803467,25.43340100433504,148.99170691985856,10.937716429878549,4,110,0
0.7126021565165068,0.07371057951370491,16.38064440888118,204.8507608594269,22.290609852863604,2,29,0
0.4046654308932165,0.20967709118649663,38.69245803663346,71.14614513885793,24.335553370781014,5,135,2
0.25484586479002397,-0.10144753211131999,37.547395262734014,19.120646272463905,16.11878612346037,5,136,2
0.26030657846520167,-0.18291409851840817,16.22334238814608,256.53343214560323,27.857227698418622,5,0,0
0.4362400052702953,-0.14098721651662818,35.957793047306964,182.17851020983704,19.139856828994237,1,76,1
0.49312200134083073,-0.1362397639501206,27.72185435225063,49.46313036752065,13.289569239038935,3,57,1
0.8066878226091315,-0.031680621045878876,32.549072209338746,89.41437795022415,27.088156320406,4,133,0
0.6266469832257547,-0.10442183833240107,37.17327923245468,296.9800537768592,28.858512408492878,3,48,0
0.6661296027027113,-0.1372355563752052,29.424362176942466,190.32708973909658,11.990298367374873,3,108,0
0.9060494806594438,0.08910737904308275,17.908177507115738,190.83364229013674,25.033617343091063,2,17,0
0.4377116210467985,-0.2681805769968693,15.064465262164656,21.64909896261661,14.300284383304394,3,31,2
0.4307506106642852,-0.09578173311616203,27.423038306286163,290.6975202731795,10.134444353380434,4,147,0
0.8571445135351661,0.11385117956428492,38.730803303109,267.8348668676162,15.212276457707766,1,57,0
0.3016179813441481,-0.19449015043139645,29.315546790329897,164.33473267896613,27.09819670441494,4,114,1
0.6984485019683506,-0.16744328267225256,24.32347845220573,92.81667493526206,12.823677535674648,4,145,0
0.7187499733388705,-0.1796000247522495,15.773050427022834,209.4165685158275,12.613377659969212,1,144,0
0.18018615790526332,-0.29944433596115705,37.87448543195501,250.01231834156073,24.780954124003124,4,2,0
0.48394975266873896,-0.015739348901056383,23.178916521451054,235.83642294697606,18.127192771292762,3,34,0
0.2644612264836743,-0.2766247263503261,32.619435032877405,293.1142116143636,12.96972145069204,2,107,1
0.25200772369803826,-0.1362361129350599,32.35593005278662,191.05661960008277,14.600007529643435,3,139,0
0.4803390505795585,0.296882054755183,21.347079034218698,96.36762946765958,25.89203849971209,3,146,0
0.3373323601566133,0.25103772683417985,16.594437661518132,149.37828392056008,22.46537580116039,2,108,0
0.7527695670532142,-0.17095451510619947,24.625009466796087,244.89515038518493,25.21857545132997,4,15,0
0.8442360109401956,-0.11399854085164035,22.928275345929997,79.60277616461322,11.955464779760753,4,111,0
0.7582308963364599,-0.021777250638869095,32.50640997180815,69.42247648319743,19.16208565699425,2,40,1
0.31814531554976555,0.20664812799554605,35.494562391495975,217.45037409794122,25.942125015626644,3,121,0
0.32479020282465887,0.18158756483585464,20.561135434791865,133.32822795462323,15.31585501736862,4,82,0
0.3088772470963233,-0.22425513806023067,28.205776744411057,244.9711185569168,13.383779367520571,3,27,0
0.2107312387661136,-0.22533069099098874,16.015208684704042,43.105075847696675,17.63567787634384,3,126,1
0.8739146618450432,-0.04996064766357322,20.35639557333655,100.70893894482201,16.667599476775614,5,148,0
0.4296791944887969,0.2220572337682632,34.04404013305208,80.42997197703036,13.709455577644071,5,75,1
0.28424536912761644,0.22925099945730137,34.83495801222681,209.36044441988204,29.07889850712517,2,121,0
0.7942702614167597,-0.2355804901880819,34.41011158629508,227.79876399799485,19.661968091108804,4,8,0
0.42734014817938826,0.044578372779330966,18.559698124706753,136.80080876596688,22.161527122198493,5,40,0
0.1287957851099266,-0.20659488172493223,28.775868186710433,143.40881291968068,12.4221381749919,1,19,2
0.23279208760469758,0.11167758600166966,25.567710361084572,39.60956483673884,22.200701762630256,3,42,1
0.6241852790920595,0.2498599487573439,39.78715741987726,210.54842814391574,21.106453864169275,4,56,0
0.7419823248208137,-0.027138424514643822,31.3517467264584,297.6952900797742,28.638586555460652,1,64,0
0.2729661985607446,-0.2501503351847691,38.380052284893225,233.3765522495428,18.246336021440875,2,48,2
0.8522643831982366,0.04755251753672729,18.63375762521094,66.93369695628843,25.64124200952434,4,81,0
0.7978176384427749,-0.0548899979184872,26.27183182750573,186.93682187827068,16.08361956924244,5,32,0
0.7956722183300864,0.18653925140037614,34.29019000264671,88.48704319927589,21.57880712655761,5,52,0
0.2866821403753556,-0.09579332164416735,24.196443200760065,9.052965874884888,28.53940794488396,4,126,1
0.14143951069304733,0.22493832028355348,30.812712403841168,53.94685669675007,22.501426215177926,1,84,2
0.8112873023757187,-0.13577975541912907,27.79255430934152,30.778071679152408,24.223173675330166,1,4,0
0.3507561875656253,-0.20548941846678842,39.798235230449805,58.77976607045825,27.51969050405181,5,49,2
0.6075114325622912,-0.11611177360885205,19.346813501637286,238.68132643470105,28.50848726617599,4,124,0
0.7231728446345986,-0.27905052490635207,38.3837173832532,87.84964020912952,14.165497504061342,1,27,2
0.20520047197911856,-0.13125241987545522,25.03927384508242,227.11198528353356,13.916760632583705,1,138,0
0.7402874507056193,0.09607058032921845,26.69982415943236,284.65876645283123,21.009522538175716,1,44,0
0.869579396348074,-0.2146302128660446,28.215047092249474,172.2819345203324,29.910327526127222,5,94,0
0.6972674719120554,-0.23318101632804722,21.634163735839497,145.6226826030164,19.803046466215598,4,71,0
0.4618026537540577,-0.22056882524738974,39.091436065269825,225.03815267707913,16.618099262068544,5,93,1
0.8188760737763964,-0.2534689954431202,37.787180130869736,29.127041967927003,20.74522549866177,1,119,2
0.5325152566594984,0.2247812471057637,39.32262750528407,128.46362624546555,11.287915482314038,4,22,0
0.7107121608097384,0.26646906929791686,39.922989305238076,149.6473784796182,13.544135406198281,5,52,0
0.7728148739640553,-0.27206330896272823,31.7450023795243,249.3153931195133,12.978408346930198,3,85,0
0.714469346593185,0.15604306892612413,26.29213739514362,244.26529806938981,10.558310901421038,4,39,0
0.3360409983594863,0.14229104803031867,36.26834753740762,254.47960795499435,24.444246060905677,4,56,0
0.19663199874278148,0.2981456547660242,15.595121945908463,209.36187836031056,16.50949091723647,1,132,0
0.2954375940768893,-0.0912776029673591,35.86010111783759,159.1667421554513,13.370726224841796,3,34,1
0.5123574483238897,-0.12869460498575028,27.43215060527517,248.36379640301465,20.24487541051247,2,28,0
0.5143270762803386,-0.028150727514103635,31.830500677085443,261.9847245765809,16.468888119441296,1,87,0
0.5777683664379208,0.2139451062895143,24.351151533562692,144.1453777976441,17.860355415961582,3,14,0
0.42398350678927055,0.13715618552273928,24.215578846670397,295.6985723666315,16.310636341236222,5,0,0
0.7452509327890228,-0.01702571161949834,15.792928820272193,262.4454374937536,10.079670287176643,1,130,0
0.8487860752847104,-0.15326229402847608,25.59473576072533,153.14089962642237,23.7665772883785,2,41,0
0.3023145438531665,0.13620944476102265,25.20885488548325,20.786278604131915,12.213809574681193,4,18,0
0.7039490385155481,0.2127161208253177,20.619777546701783,67.34761526156888,14.382847941259389,2,98,0
0.6559369190869366,-0.06002926135950548,21.183081838494186,232.91957381288546,13.80634087127663,1,72,0
0.5289342094090383,0.10115126749259051,29.60348951106279,33.34627709960542,16.62734590997415,1,68,1
0.25459479177681144,-0.05987278729404111,22.944286063487578,140.94001989577896,13.203953589927123,1,65,2
0.7520904520378219,-0.012903937115109121,35.75629772543225,181.45565763141826,16.93904248375908,5,21,0
0.8877135542156428,0.0149462279729482,17.784627671426662,263.50404851115456,14.865286916154684,3,128,0
0.691905792431563,0.16543548841336675,29.441123664376093,254.13415886804398,11.22430226344822,5,0,0
0.852645197233102,0.2865035904773587,19.001118178477558,229.28337631791985,27.411259543396586,4,72,0
0.9070319172573599,-0.03338030241706058,28.20601567301647,122.30827278335971,16.11162214197423,2,40,0
0.38868155287617534,-0.09461099625143646,28.813647173757968,42.674776302689125,11.90564292752761,5,96,1
0.6233433133995963,-0.07584539611656521,31.05744216314323,200.89479286735437,20.430527579042458,2,82,0
0.488624844863224,-0.21966655837489102,25.685623681822342,54.386586746541795,12.465510367376066,1,57,2
0.9090355724278487,-0.12183675730936636,27.73686712823136,168.39434502258473,25.46186402913694,5,80,0
0.17692241568633443,-0.24813155203871626,19.523815402032334,294.2034547390033,11.231558864796792,3,34,0
0.4381474297237242,-0.0432634420924517,26.57538374340824,165.09293274218237,19.292718998884624,3,19,0
0.8179420165123337,-0.19958563841337068,24.325759727357266,193.66706017813425,28.876526602315565,3,135,0
0.3329220746317427,-0.09215595241535479,31.653277616360242,203.27264157485214,13.17938107316827,5,92,1
0.7459901375238757,0.1761466496349638,25.870543087412152,249.11650730265146,14.02737353810996,2,98,0
0.4138821934798097,-0.1524434096465184,34.483541274505505,130.49420343211463,22.009298227904317,5,149,1
0.9035824027099298,0.06713677280524138,25.6498024643423,149.2529703157493,29.597081431906787,5,135,0
0.8244944658674402,0.2407088515491677,20.894279324348965,52.79160417737698,17.716714965711873,4,87,0
0.3470826932833446,0.04015751221772812,21.842217973964615,184.4039663212506,22.97290185554413,1,118,0
0.7315583531010412,-0.1837244323365524,16.132130627290913,88.72740189731675,13.04634125563268,1,79,0
0.3762223659432804,-0.0931402836204274,28.49797026502275,152.28742466660987,22.827942665286045,1,35,1
0.5972175289767389,0.05422152431043964,35.77202209750804,229.96715805296935,15.053241299097863,4,93,0
0.6399542300824994,0.00396668385591209,34.22779267043926,5.270971404595981,22.26575214982661,2,136,2
0.7802682354502781,-0.21082809823385773,25.944736658461785,169.17465797531196,11.77322416167219,5,131,0
0.1200496895232522,-0.03192219318565864,19.903008878612805,52.03350519320692,20.499380434106584,1,75,2
0.28052947074488577,0.025840016946149014,36.58711108243632,83.81500193515609,14.748099893464808,2,141,1
0.6837726046826346,-0.13960037132545652,16.41952585112671,10.413984026099376,23.634174066588265,2,29,1
0.5620890543150207,0.06746730920391114,24.980568130062352,50.83882805577067,24.953395741366307,5,6,1
0.5063961641249374,-0.2579039403088741,36.41537855959878,295.98881798614553,26.962850611187946,1,60,2
0.14527216450054398,-0.09803577986068993,24.82941718510491,299.5568283597936,29.847907378381638,3,30,0
0.3855862244383941,0.18256609966654463,17.946886768924,215.95437596689425,19.18709559306464,5,143,0
0.8093821901667316,-0.14442911945510675,21.648737508644903,183.55705643135806,23.411888344146483,5,17,0
0.1253321263695464,0.0631061100018469,30.00073604357371,233.10208592977952,10.368474325042435,5,80,0
0.425077712999146,-0.05398217177381284,18.800897692364273,268.9662816555485,28.101740666124222,4,115,0
0.8750215958900336,-0.11012391455085194,31.373383171058894,155.79151786962245,22.31486291057158,1,16,0
0.14172220232691202,0.24967901274601606,25.954048279981144,10.585199825310365,18.426899585464742,1,6,2
0.7147587158566022,-0.09404296915176988,23.359737520513047,212.8187461740158,18.686254855213015,3,83,0
0.3112423452692699,-0.157994459107789,21.023137013079097,295.38075062172675,25.159912927207913,3,135,0
0.8106192423660115,0.24558078938416233,35.58324964641774,77.41588679158839,26.66940007071788,3,2,0
0.7117757427466793,0.14756661356148892,24.91684868658504,139.03966963833,26.158073526297038,1,3,0
0.8262782401038575,0.10907982821891843,33.46198164015569,108.38232031538435,20.211693060940476,4,138,0
0.2770583281536382,-0.2702790347598745,26.008879815934613,117.14024826895901,17.422932751360634,2,90,1
0.5356600589512561,-0.22127702357053453,17.296679672169486,216.41999816260707,28.91078722831071,1,105,0
0.7390013537313366,0.0830039782857977,26.01264937918151,113.52131692681502,22.6839904954042,5,41,0
0.3014737892558844,-0.17434029808424387,27.692194493394098,282.325237637618,20.873068179884232,2,46,1
0.28921197031911794,-0.16461720862178456,26.446054837334422,236.8975361290681,21.966378640565853,2,70,1
0.12228934946801973,0.16748310920616638,35.40604279370682,8.294107526308537,22.59733016372565,3,32,2
0.885982541059871,-0.12844503069783442,37.77128372607574,245.56466461011743,24.26145768213808,5,66,0
0.6822138416447912,-0.2570476187088504,34.66946688027585,231.8572267315976,21.063693900823317,5,143,0
0.6211594902883516,-0.2781408316140833,29.569547555273992,154.94811851437007,27.50710708914957,1,112,1
0.7100756726098926,-0.034093207652827306,28.536249013872265,149.04521902392406,27.194284285474325,4,130,0
0.5359225933302603,0.0702771466107876,31.115400753091475,250.658071040086,18.845154893056748,4,74,0
0.4904297332941365,0.22133114003508175,22.195757410984363,127.43558674891048,13.37072224251073,5,118,0
0.46861643772128714,-0.23351736298041642,35.296171153717125,47.838702987989535,21.533114275422015,5,63,2
0.6251601539249859,-0.18199630422702223,36.42120444009152,93.86964985470979,22.41479044262364,4,92,1
0.2652586798217542,0.017880366544482662,21.680429079545764,79.5607210072468,20.467591479074706,4,109,1
0.8282081299121932,-0.08153498265481496,37.570455203501936,204.3177088954351,27.811556265479325,2,123,0
0.7656369443997975,-0.010477529252703233,36.21831809979169,53.66200501225358,11.860405140487318,5,138,0
0.38664216139066776,0.2544747893905292,25.612169187062754,193.4317309298421,15.74837009670401,5,15,0
0.57445962338627,0.0269349923188123,37.725005052318636,139.79008417912857,27.31579692645237,5,119,0
0.215642385959012,-0.05092763363275443,18.010974845287702,251.89827882353455,28.78826626044411,5,106,1
0.8973239233055504,0.2936639440198469,15.699663980222509,145.49962296524038,18.51850149405137,4,110,0
0.8403720038568325,-0.2608705980602782,23.69667063985136,278.9411803708149,13.852879636818757,5,2,0
0.8559559553293444,0.2592680690227031,29.135892470683626,270.1407383656763,18.406589930198695,4,73,0
0.3723736991168304,0.0009971052392898083,23.786065363321654,55.586273731206845,19.12332890848272,2,144,1
0.23869046005394173,0.0022538026602828554,38.55169334178399,205.84990570556508,20.391387563251005,1,135,0
0.2736531740423745,0.2531786005219255,21.367755726378626,64.38742473623257,15.487061603659022,5,34,1
0.17380114065697372,0.004394387755841722,22.030334839816973,246.9912918691373,16.25254814233645,3,72,0
0.19849071668313517,-0.036955745681910734,30.870690313621377,190.71694636097075,23.11175262692184,5,129,0
0.15846971803157323,-0.13650684472968058,15.096597058542706,88.23530828449535,22.43588301993279,2,139,0
0.9116549167479964,0.09529006009045249,33.18892630886498,74.73708851505194,23.24205030230669,2,49,1
0.16072730036264035,0.04178705458785692,24.436737077328928,128.873296513629,17.545699663951623,5,120,1
0.20868450638015917,-0.17139273783133016,39.4436966910824,240.2168914383393,16.729136769997844,3,125,1
0.7783487683844039,0.12564774903679488,32.285439825743715,238.8484827118355,17.03077345945878,4,22,0
0.5757969777292135,0.0864521144019843,16.305373877058578,10.012867666480641,29.02352970979337,2,4,1
0.7350221077468526,-0.06159966947607551,17.31569521854934,90.68616464127003,17.904902062886457,4,7,0
0.6173478463735771,-0.29735944685786964,17.204202673103964,126.85528904091528,22.12264792675851,3,21,0
0.8233835576697375,-0.032051309894287394,38.815556497298594,175.67460403327297,20.45686374333077,5,111,0
0.6235433727670873,-0.296365129721849,32.10128853043969,44.85810264440971,27.524436319889844,3,58,2
0.5281425761805838,-0.2550009064205761,25.69015018222339,100.58490615867743,17.38233601558958,1,102,2
0.6844547488842658,-0.04163405851149954,20.012067247000775,265.6791061703876,18.68288888712341,4,13,0
0.46686205646952983,-0.2508480694888034,36.84099366089508,142.96425402409486,26.855885775644207,5,90,2
0.38377233478188244,-0.13460073972770026,20.03889819178351,223.2429678130318,13.219152280598117,5,111,0
0.4834750110091742,0.09329482113538101,32.66698041189544,145.43355194890196,21.885890957506,1,146,1
0.23916556618081977,-0.11483079443434857,34.08310903863365,139.49477292013907,17.99816415287608,5,47,2
0.753188818438207,0.29858915647290624,22.366402221385208,186.57765752505122,29.71583117850455,2,81,0
0.3137771006954746,0.2497812203489887,27.622868429266056,77.80935365688526,24.427682336012396,5,72,2
0.22589586799637892,0.05118594275131422,20.574732057959846,74.940629791875,10.211125256122564,4,52,1
0.302008838262246,0.28016828318095827,24.473241436387454,296.8061564674827,26.789478008932875,5,95,0
0.7904975244532366,0.22081037665951325,39.12835995700022,260.69760279576667,24.063593123626234,2,84,0
0.37076506239013973,-0.10866088869570778,32.328450866360754,221.32646893489337,21.219218311652867,4,124,0
0.6625608929948382,0.14975774759118565,36.16535515476288,41.143361716659975,14.722569517686342,4,4,0
0.8022558971377063,-0.21790092959763158,28.514989286668524,9.067413355429998,12.986333008153805,1,33,1
0.16375062687853453,0.11073085462724463,20.975993553783905,52.62375125912789,22.56799125716836,4,86,2
0.7273200122459952,-0.00535090410325173,32.82199641667984,281.319289352256,18.79880545627528,1,86,0
0.3522856824308046,-0.28990443644830516,27.51419901976416,244.88693107469635,27.232406244622595,5,135,1
0.277630338630915,-0.13546210656577753,19.42122170267647,156.92280374657292,15.247471405553426,1,101,0
0.6648991910114372,0.2732293304425491,25.310747240455257,290.6341774105132,22.75039961692498,1,0,0
0.8460332306412518,-0.11050110894691159,30.87100547540765,43.9746308706903,14.976860733180352,3,73,1
0.3419157511441643,-0.19112732681913558,33.38329641705596,167.74513200181107,22.726341581865768,1,126,1
0.5664437204151417,-0.187481132056675,21.080519897258792,54.96663791961295,10.966892844314266,1,130,0
0.33766397335658305,-0.012472041214830587,36.89993348373328,91.92858144129177,17.834148536287692,1,120,2
0.5545141802956709,0.20558954440232097,24.48877767686695,282.0405056889677,13.453712317315027,2,71,0
0.6099268651365592,0.1548010590800079,21.778417947318708,260.48355496460505,22.11867992446949,3,15,0
0.6004750188079474,-0.037888795477335424,19.87800138634312,30.539635689175824,16.334561063554638,1,31,1
0.6113080231070517,-0.17476386993782367,35.10428336007434,74.86314166828154,25.430652353534988,1,127,1
0.21076542961836975,-0.2723610599386853,23.854114374151564,178.35224087461518,12.291887208600365,4,51,0
0.66870318506111,-0.02242180831036139,27.084975697198367,18.405836202247315,21.124261338384848,2,114,1
0.6532952922317831,0.18886520911091498,20.570495589096893,165.0253942054312,21.873557258833095,4,5,0
0.6597222602178442,0.13780919615658827,32.152276779223286,175.3474307382032,10.44208199440132,5,73,0
0.1607378532457392,-0.05483953942364983,34.52583518881056,87.29015439913785,10.719714217009972,1,142,2
0.4664078507796052,0.056821603150560174,23.48563122383354,87.93689403753702,16.164803446560366,5,36,0
0.4354088082774984,-0.03825208743226943,38.62698463428505,68.72378063102124,22.18150878823824,4,4,1
0.17110341658742328,0.047409665874106666,15.765265239005902,280.70291105881284,29.25259990324413,5,43,0
0.2823417008753848,0.010503146636129501,18.32357758185101,116.66134220972324,11.81567019977326,3,9,0
0.46158935807439017,0.1085799600750954,29.71967578901227,175.58071893416712,24.063255464216113,1,91,0
0.7091831740836275,0.004625306119874384,32.53517155120949,90.47237227605436,23.854322442455537,5,28,0
0.29439090312742383,0.2643665989005351,21.267074737726475,210.79920132447128,23.389484870069538,3,36,0
0.7803949263024275,-0.043183091050988276,28.85177742228371,30.43238131759276,20.322946830644035,1,88,2
0.54755459430636,-0.29045021817617345,22.959656176070318,21.492462928399192,29.336519012202874,1,48,2
0.7235457818513864,-0.15817587875460928,28.852231140539757,223.28512817456587,20.03550276977363,2,97,0
0.48749590633622286,0.00036411486399356985,31.483191944106313,218.00038749460498,26.765941583984155,2,139,0
0.5093392648462232,0.024343111133197204,39.320201339226436,79.50040084219867,15.250412057493277,3,139,0
0.608169899291305,0.03143087358723207,26.392421500529593,106.51401381740651,26.126169986137104,3,109,0
0.8609358986959759,0.1287312589620493,31.205401006784513,287.1781503998467,29.930914678778667,5,145,0
0.5032863167585861,-0.13521111442948325,29.450981197998296,31.299088498594298,28.2017197554752,5,110,2
0.5334991812487986,0.0989422074248863,22.938872347189324,54.9441199640013,16.08143437503891,4,10,1
0.5936375100925743,0.12241936387152769,21.32660329244301,129.01150949196997,26.92314951696799,4,143,0
0.7047624125841352,-0.053231548427504216,39.69676804361809,84.62967181665753,11.905142460574396,5,85,1
0.15891727509871215,-0.05869854051220677,20.171309042537885,194.70256458966213,23.554151192261052,2,0,0
0.5228636995880172,-0.19264512860613014,34.75688167685592,207.18051688400533,16.842924659733733,3,93,0
0.49490510314895575,-0.051607574246775756,18.664684775519024,157.91642516702856,23.17340179191196,4,36,0
0.8557816870748077,0.17208977502420741,35.10878173403127,183.35919042083094,18.244980151589306,2,80,0
0.5046753959577998,0.24538380332993032,19.6432110747387,130.02624960610345,10.180662996506449,5,98,0
0.48402283844935146,0.05616791479077926,39.17891610040417,228.1161761175498,14.62553108095902,2,4,0
0.8890039905984557,-0.12037779398742071,32.149691414362934,12.62954935388092,10.84772465716632,1,65,1
0.4694727001527229,0.10937383119583888,17.252956091895722,93.86740099676426,18.545398455997027,2,8,0
0.2483252328641141,0.14408772521760232,32.32942798647527,205.3290124184682,26.80142573456366,5,16,0
0.27787122070074644,-0.10067233273160259,30.090519069538797,98.89353236261475,24.759935179501568,2,31,2
0.17805378143631878,0.19592871689372804,23.438656167348963,23.56058413288483,25.778243724881314,2,117,1
0.10046586599233445,-0.25578250071699593,21.518399943917867,103.50402854003259,26.143992976094584,5,61,2
0.4541954420203952,-0.2935477694399847,32.96901954370381,213.44843153659897,17.43879576086951,1,7,0
0.7307789166645416,-0.22621753642076844,33.534034323746646,36.59545957599533,20.12051458986797,1,112,2
0.7014424830958654,-0.20639499130349415,23.180146223813416,217.38940926349636,20.16902340170802,5,81,0
0.12636225199833717,0.22735741976863272,36.905677770987594,232.63671490727268,12.264170338721447,2,21,0
0.567385980947107,-0.04501097866723147,21.72068047221228,190.59022332680968,21.962842442565485,1,84,0
0.22651216283905035,-0.13504098481777096,16.746610649370275,73.27021456744328,24.40359558000671,3,37,1
0.8716825535070518,-0.042554930407908365,29.996696120689464,241.5886071585184,22.219356382265886,4,95,0
0.23723929970822702,-0.06309546437962063,17.676764320790404,64.33275053353961,24.91931869419045,4,142,1
0.6138441585119349,-0.1191229992071898,21.916601606662134,271.7462856514052,12.377825362497134,1,47,0
0.3675154569745266,-0.2172602505528208,27.679659826210948,211.99370974262462,25.228178926683544,2,111,1
0.6260802872907688,0.09354927718432837,22.15899055893244,16.415977994117913,14.16280206736953,4,3,0
0.43805204910054163,-0.21803735833220678,20.37490856050111,239.7861355984989,27.536536456790657,4,61,0
0.7229073028912437,0.16525467160360457,32.57963537264136,151.93006210797222,14.898626247015912,4,133,0
0.28915688276884344,-0.17898719203172783,28.67498353505739,135.79466889391543,19.839847673808805,2,11,1
0.8427493193896933,0.138822784279987,35.99403120625701,126.15335780954604,19.745325933132683,5,139,0
0.5101719124369487,0.18335166341728015,29.53098986638694,181.98901993227506,15.37700640784027,1,14,0
0.7199963811245393,-0.22480439413532954,27.08618029434446,217.37355023488837,17.23419168839189,5,72,0
0.7967787569490062,-0.24795253902719755,21.531408790269705,268.7929847173682,13.71193498151184,5,27,0
0.9190394609829401,0.2697436623921959,34.80164687728244,81.88344388416759,21.40201394917099,4,3,0
0.2836354457870458,-0.02217191594845158,19.921775214109182,189.2328818731271,28.260560506669602,3,52,0
0.33525177912203297,0.07814129698379302,21.05571027432901,205.90278344043898,16.33215144723301,2,87,0
0.3053551311201484,-0.2860437359269393,36.039714918826746,202.43914193606778,20.161252195429153,3,108,1
0.3155544923710218,-0.13277389166619605,33.52981314323028,147.90019433489098,27.23761223817299,1,47,2
0.5776046880622895,0.0032385927356317623,30.321837224488014,117.30676446111032,19.04998093890945,2,73,1
0.9146884689795913,0.2317309880336424,15.973013269664335,228.7136451201275,26.62520656915839,4,27,0
0.9120280314160587,-0.13713634946137424,18.181440457118164,90.0029412122404,18.927813303397393,3,109,0
0.5319540497170924,0.16511479191523176,27.498936504690242,62.41594871947294,18.804849334217465,3,25,1
0.6240023124170325,0.09732775695522111,33.658473087072274,163.74875812803714,13.14479924358684,3,129,0
0.805175845835317,-0.23083753931655301,26.602521604795584,80.28325729865308,12.49957648853228,1,26,1
0.8650054359318743,-0.12397489632480208,15.432325610369578,9.969948829361709,22.229934885889755,5,99,1
0.267165714410226,-0.15728157813682814,19.60674996667054,15.472723014691624,26.54667049357441,5,49,2
0.5334042177328114,-0.034483447456028715,29.719167490505452,208.5031579160624,12.708129737003873,2,149,0
0.78292638482244,0.08120054582855052,32.35542649219978,291.9437537976219,28.201878922139755,2,42,0
0.3486257028403652,-0.03994814669489599,15.83570781779761,136.4065150878225,17.17759603728673,4,142,0
0.46064341483398275,-0.1532780545489164,16.08329383651251,44.11833767542025,18.505144130416436,1,125,0
0.9082093032398466,0.11752726093696525,21.532752886409074,245.42496315880592,27.88906804036258,1,70,0
0.9077382913111143,0.05068265682689388,17.087542384664122,78.43076909211595,27.925929006428127,5,74,0
0.843007584827449,0.011588344449415144,28.54865580483412,298.68793848116417,20.49717753823144,1,53,0
0.7547276427590073,0.032651758467587,18.092549548917013,168.979249748118,15.535298889066818,3,64,0
0.32068701059270077,-0.16685961222370585,31.20548337253556,69.7897645680302,13.438789446763517,5,69,2
0.36309706073509374,0.10825863665547375,34.43063298268967,148.80143085730316,15.431600948610932,4,21,1
0.5487719297879973,-0.06749967867673903,39.26291659380267,100.61438154889458,25.612547952502496,2,48,2
0.55983744714085,-0.08191930816198822,38.71017404094286,233.84159538808433,16.49181604427299,1,131,0
0.514512311872795,-0.21015947503993768,21.834128755881956,31.744765742416735,23.891229220660172,4,146,0
0.622069629531371,0.058102400730267845,15.73524006557932,257.1008151097645,13.904016445591942,3,8,0
0.43482487855905083,0.061598646327903905,23.235305402794197,230.2010682792404,19.57007265377799,5,109,0
0.714322808998737,-0.095819613800083,32.71200296781633,258.4091411704462,17.042124321176445,4,35,0
0.37351093971225147,0.21591003411932047,16.495030231813484,268.49812381249944,20.072246466404614,1,98,0
0.37115513749600915,0.20727473922925693,23.992816441785717,68.93334688292437,21.39890581840353,2,93,1
0.20432528875129896,-0.23456741611054122,22.450863688672673,156.30174216858623,29.818699292688905,4,131,0
0.2547440122237138,0.11702303268595093,20.483640895474416,254.9766660499132,27.997900943784046,4,105,0
0.7974271207155132,-0.06369914628898662,32.65326886825788,113.21639163483346,23.917329550483814,4,123,0
0.4659515176359621,0.2998289106377357,31.47742512560935,18.12227303868974,13.074869410608374,2,120,1
0.28685158497332375,-0.16498582218920857,28.387352350858585,87.49030696155496,28.380571126784368,2,97,2
0.7226597020183577,-0.13168547675130635,37.76936599203994,72.57609344244325,27.851721414159993,2,61,2
0.5542645231698248,-0.034736223266563504,17.57847131825681,261.01878560673134,27.734068601484775,4,50,0
0.11734792936710067,-0.13877091079160211,18.74223061195327,139.15390482274447,19.58033728706112,1,52,1
0.35941639501610645,0.11519601983190852,24.586241980485326,205.06327123389397,13.414134221221136,5,53,0
0.2451411571194997,-0.011455132691111647,31.397051296572513,288.6357449074756,25.08806429937843,2,43,0
0.6378157460059293,-0.16747269909027587,29.601982306135305,89.75635571556111,17.77030077980847,3,46,1
0.3255254533168074,0.0038244416919375746,16.851067186698298,228.35986725821874,16.8913657938447,2,85,0
0.15325635895215378,0.23327265981902306,38.96062009366169,6.829236455616428,17.81564025118555,3,40,2
0.1450466911420888,0.17543738811003168,22.626620411534788,31.234852593458452,21.181411149316247,4,52,1
0.5770163843261463,-0.0007026453439074043,23.97431534457735,48.55952700098343,16.670376614883182,1,106,0
0.1178132336773535,-0.12690443811483137,30.59074497608559,93.72550106175252,23.79841221996237,3,49,2
0.7960095327715928,-0.19206812117848332,38.629137936493365,120.89616453881352,22.95447591487325,1,15,1
0.22742563779096603,0.2270297263121373,31.5672059775818,143.10476721967632,20.177252276538006,1,2,1
0.5973843948602525,0.12610016429921778,38.869333238692604,73.59940388501924,11.079464633709906,4,114,1
0.4646441829688115,0.04329798188847506,19.689777970511976,19.86459588304078,28.730853647423448,3,142,0
0.4631382474101601,0.22766078757220104,30.470248224323374,203.256927552073,18.233925662407806,4,102,0
0.15887365673523762,-0.2269858275755463,35.721972296907126,7.098406060279339,18.989063885717744,2,9,2
0.7582568451740168,0.10949357160124096,27.72561170637118,242.84119045761744,19.120650244863313,2,84,0
0.8323030374976672,-0.1699726125520608,24.05434189573351,278.7464475453604,17.300559164769382,3,40,0
0.10903366725506734,-0.22765353539040778,39.61896325079693,213.11067409789032,23.491758212360196,1,48,2
0.24645542407163656,-0.02063489399584012,18.524683509916514,178.78815518244957,10.278353916476986,5,138,0
0.8412014348122927,-0.06756424214138779,25.273238188216418,197.10555879858984,27.470166586213576,2,123,0
0.5505847624960477,0.2647041655951113,36.834343814016506,195.6666139852783,12.048780505391205,4,110,0
0.22303245416353232,-0.10561227194891015,37.51201866264802,279.51154081995014,29.99427350209635,1,75,2
0.2662881711395103,0.18894135543120144,39.509552538994356,289.29176135819023,22.561652583534418,4,86,0
0.6411887202744336,0.14929620028100682,37.121189806609536,128.01349257246653,11.32492948209368,2,137,0
0.6943497942424359,0.10075432203512175,16.273925634685313,185.12375284452543,21.24874118853682,2,99,0
0.5915299830355469,0.25224028377603575,38.2441624906872,240.8421161202517,16.626155849312294,3,86,0
0.8815816715282712,-0.05524524337119474,25.704179785169632,0.31144715164125314,29.060864462524673,1,14,0
0.5051321550026572,-0.06619728841028061,31.29047968641455,158.1047750483147,25.109420095637695,1,149,0
0.3462229679568719,-0.20343154585109435,24.856896729177976,195.8629019453093,20.140293372968728,4,121,0
0.49133098618015314,-0.1345427547029585,35.34170191533872,215.16163492127447,18.59554799014949,2,54,0
0.394926360806621,0.2278658736365224,29.397981908069152,110.63682281888434,29.917377315790727,3,37,0
0.2840210319932428,-0.015370720253179204,36.13861606385011,88.69332618347767,23.347681699215215,4,145,1
0.13768986445891485,-0.09518800668557373,19.844286788019183,54.64276997037255,20.27859484782482,4,143,0
0.38881424472340187,-0.17033276695069732,19.624577368872558,167.34466471580535,17.958882348405908,4,63,0
0.6833556651219888,-0.009023849853830979,26.009420039619677,275.7910296756365,16.491657148811235,5,34,0
0.11511899835765893,0.1299992222787173,15.118788624062013,268.79344521721447,24.108388476032587,4,119,0
0.4601263808288665,-0.12798478472575475,32.32132387240645,107.98977814730772,21.757710298120543,2,93,1
0.6280877091888921,0.1546299124875925,22.401343195200276,77.3565419814608,26.96369670607865,2,135,0
0.600531369522932,0.07787266483495103,28.932483655361246,236.63814680123312,21.071214466067488,5,81,0
0.7368517174287471,0.17253753752382256,16.750089011521172,217.49400547325646,21.64662780263621,3,82,0
0.764626166841034,-0.14945422267505262,19.26610898456735,151.6019493412477,19.54712989686361,3,21,0
0.683598773153898,0.0786168868398272,30.57147925054832,116.70907786165725,25.25241892582133,5,90,0
0.18429411083869454,-0.20775883230669484,22.64156567777608,37.139371123552486,18.299843521970367,2,54,2
0.48951840408357583,-0.08172181070121795,20.368048564640844,235.54157672767096,27.0387920945983,2,30,0
0.5947928851398391,0.1346160569056808,20.7211625201942,185.2393330745092,16.540895223096,1,117,0
0.3013641518237503,0.07900103134796155,20.370484118137387,113.064503921405,23.85250092761931,1,51,0
0.13489249047035676,-0.1872835647974868,30.571273735763704,275.6363928200399,27.859417981993044,4,31,0
0.28334406311835847,0.21500560325551749,19.19228036173643,197.90181192355865,25.38147727392242,3,144,0
0.47301340942076386,-0.2679894105928909,24.06765897949726,278.77166005312387,16.852162850319026,2,144,0
0.43942286162477273,0.0571294131099897,32.197171639836306,142.32373810189318,24.12678005901546,2,74,1
0.24486692468827256,0.29029230013896373,27.841776433691265,136.38534721917898,14.139696292199472,4,44,0
0.7760207450004641,0.01890283910564916,29.9320217693871,281.1717870942239,11.163301589036188,1,24,0
0.8590630683641142,0.1804030919756524,21.272674486593715,287.93742847306,25.827634792897015,4,94,0
0.2651056216232265,0.0571085839134613,38.31787182913014,288.2301956636659,26.16018230463331,5,91,1
0.8622497907651218,0.16985298895379553,25.346981207908392,245.66921817223286,10.45861877831195,3,92,0
0.11464598652364828,0.0933564812131723,22.174098415308364,138.72184344730158,28.955900277399472,3,115,1
0.8584692276196952,0.11467920872251725,37.608154601461806,63.08978828071764,18.91799653810338,3,70,0
0.8805816078663445,-0.16331330934816957,31.382240381609677,115.03226438334848,28.105442948707783,1,102,1
0.10988252767305867,0.1450925481437506,30.348646578461263,281.48924745533657,25.763490512898137,4,98,0
0.7256758233569335,-0.15725406800140154,37.168366304154205,109.06628852408997,28.013070556174245,2,119,1
0.8955652895072717,0.2883841650855528,16.463507156784612,227.01522804706124,26.667512662341373,3,111,0
0.8428398194305783,-0.16332768542327716,35.94198780018951,276.90130532733235,29.479907391736482,1,5,0
0.8959823321808947,-0.15798959784140623,31.946609107627523,291.1176488644289,22.58202002551574,5,92,0
0.5512652746720643,0.2152038722903185,23.999819869503234,284.30224406260686,14.545176941050041,2,146,0
0.1640880347060184,-0.1542084828223085,21.408783563096392,166.5172793166828,17.79126261465975,1,83,1
0.7968271422001296,-0.08345832390523023,17.620147497038943,147.5640223952611,25.037584972381623,4,79,0
0.6033391697633895,0.1287840967074162,38.526854256167255,296.2921526303959,13.139385576061231,5,90,0
0.604084130234397,-0.20475085188314207,18.547802583238404,65.45376137409204,28.596846723580395,3,83,1
0.4421479600841227,-0.20455694710349864,21.485963393272108,56.25907850542878,14.10557827257863,1,60,2
0.5689104207473096,-0.008184946040028618,32.277679489236746,288.95468932375053,27.519494763592206,5,149,0
0.22593541885061394,-0.1537819474603639,32.753810947149816,206.75844654725088,19.674478896771756,2,10,0
0.7066114217842433,-0.15860522665857985,19.01921761506485,160.89120293944734,26.812402967426817,2,122,0
0.16151419202826472,-0.29445664714889236,35.353279019140686,39.614937852391705,29.16591394955558,4,23,2
0.6984202289759095,-0.07773024528123121,27.757181729409062,153.97207470489877,18.442949041514495,2,30,0
0.7961623065523803,-0.10904966722895806,36.21141695287773,283.2663460564665,23.93209081835807,1,91,0
0.48742431560288035,-0.28130651350399777,17.182134746188613,180.86739700460151,14.534352068187035,4,95,0
0.5180609001667805,0.0727399069281981,16.070749977342242,121.38858673186044,26.01571433357077,2,139,0
0.35601570379610425,0.07599310920201241,30.924759537358742,165.3309004395385,26.398512985662148,5,44,0
0.8949560386549819,-0.25751971693580467,18.75059492774542,265.84352610533534,15.90491408065592,1,3,0
0.7011620691388272,-0.10977506225432815,28.123726143332497,273.8545983405983,10.482815249413797,5,38,0
0.4025706137062829,0.22368331919723866,15.352718982112718,120.02644969586859,18.624105035596493,4,81,0
0.24334205671106418,0.049300240946747065,34.49823151370501,182.4183007302966,13.40001068490424,2,53,1
0.2800552656057149,-0.05281516559280727,37.48825425446254,83.76078380484923,26.37102160537746,3,37,2
0.48041627461024106,-0.020938842921542467,35.972069049107205,135.32558884754295,15.221945560343125,5,137,0
0.8729060882577571,-0.17503200333851693,38.95882032876045,65.96479103494288,28.873855850930543,1,84,2
0.7020000035239529,0.18712890042475677,37.57739386646974,159.44167855967254,29.436179221537785,5,100,0
0.27649987350690286,0.24840282327058055,26.10045045725913,173.47204048939858,28.176718481409228,3,112,1
0.8048401294034965,0.24639842535002615,24.958705211091164,101.35102083923194,21.992289554123484,5,61,0
0.41012442886793854,-0.1656393649846202,37.404591699288574,81.63549019159446,15.348560079718318,2,110,2
0.7984121898570653,-0.11355583933412586,38.17346988393068,45.30768198943558,26.145168296660717,4,144,0
0.2981936703445274,-0.2036263351142779,39.320898707950924,41.86309986184793,24.031907624160286,5,108,2
0.6073017017877804,-0.11567931982061211,34.207930871069564,213.43833471423528,29.543366941005246,2,44,0
0.8598698002266513,-0.10031677672643982,20.049720748534508,66.49140107181101,17.54504014632477,1,116,0
0.3114730875011912,0.07986344223878128,38.62385340276806,35.39310633196815,11.175359983354403,2,35,2
0.668199804280401,-0.1862121710711252,38.67853667040549,299.66150692928665,29.967726576778926,3,10,0
0.9095963483648579,0.25163815462064615,31.653284097824287,77.9749505667171,26.76527278877751,4,66,0
0.22349059553926287,-0.23814031794881402,36.43200665873712,268.81449462843966,14.429793765970981,3,76,2
0.17248987837455304,-0.29587319337940016,29.029410529098808,182.7557861255752,24.51255731799308,5,70,2
0.6528400578047493,0.21296707717831992,38.60317363529307,214.5210500420445,10.013803501295564,3,39,0
0.37858347715420493,0.12226188465962984,17.34840991480228,168.2756734498906,21.15618115767161,4,40,0
0.15842047144060473,-0.0867840777864009,36.59909241211926,54.24335851799067,17.25676482003257,5,138,1
0.4897506066645554,0.05729982354607083,16.387590725928483,254.11547143578076,17.626660824752538,5,43,0
0.7180919573080438,-0.16587353949645997,23.477676305450515,248.39182994603527,14.890396123441516,2,117,0
0.3338003683404548,-0.1989662108127744,18.383141065381547,104.90563960508024,15.496904312666882,2,38,1
0.3747384395542105,-0.017310518916766326,26.978377311572807,229.15520892343915,19.09337327712302,4,16,0
0.7934735085305171,-0.08808730216742347,20.806153949811748,162.91207750332833,14.96290070955551,3,9,0
0.5264589680544203,0.06913803032117527,38.80180948334993,272.7147421680194,19.328798937388758,3,36,0
0.7910402144213071,-0.1691104892633811,28.983033341335236,240.84731139119037,21.54695441140911,4,126,0
0.4660393835578418,0.09775662033637122,37.44326840759312,12.298730940609238,24.2222284570502,4,68,2
0.8814396324792848,0.1601169121816879,21.951461726278772,263.7827916573775,23.54291301365636,5,104,0
0.6336515635685441,-0.20001831418291535,15.64943899866402,290.56992539354695,14.839785462090466,2,144,0
0.19503706956178454,-0.2736850299492504,34.391375092098045,222.64686078753112,10.783791808562261,4,7,0
0.8257762503459766,-0.03624757481919677,32.5594414992993,35.974059254120405,26.653637321862615,2,16,0
0.5011974564812542,0.16441445159546225,28.63729114185484,242.21276695113605,27.446256859291864,5,138,0
0.2161439537377821,0.09046790134448557,35.383568243230314,194.24671278707575,29.57779039466543,1,85,2
0.22520590974996502,0.12112903224875476,36.00210931620332,101.64789525659407,29.194231144723755,4,92,2
0.6637778267900949,-0.058296396003978956,29.697582700454348,265.20916535780003,22.676280533859682,1,51,0
0.13884545551818162,-0.15903267284815806,39.14819479634842,169.67000653595184,27.885434078831565,5,124,1
0.3350068872293269,0.01906730597076567,32.99279869043318,255.87837930582066,18.960168386427775,5,96,1
0.21462582418529186,-0.17738058375048188,31.921884404065718,201.03412457527284,25.74671279450086,5,38,2
0.4616834922861731,0.13573721819103945,24.035544813966133,86.55483111147846,29.106690845134356,4,97,1
0.4397700930353763,-0.18182012642431378,15.056464465000191,292.5056087583109,25.92557114415328,3,0,0
0.5279386764448619,-0.12524203997139513,21.023566847354452,171.30166438186754,18.31530731903601,2,36,0
0.32930178986407477,0.003926866993803235,34.09801267036575,155.0265725479377,17.5551849413353,5,30,1
0.1262757432901053,-0.00797403951390302,32.746781360929354,121.05288847597649,15.83085508374645,3,117,1
0.6037966073588523,0.06050962584421765,23.275553620752355,40.903260923306206,17.34127048627655,5,110,0
0.4064487623635281,-0.03753323970004985,30.63957436346097,205.8638640108485,26.41153323584406,4,13,0
0.6340946989668381,0.2516839851060548,19.88218698682843,129.2397594017442,24.030006424371535,4,135,0
0.18910691605950014,0.2039604565183129,21.5906929817261,280.3837531066926,14.99758359083449,2,122,0
0.11129743134112127,0.227468070741983,38.68520234756241,289.52915058566947,24.230702571655,3,65,2
0.30360128326594005,0.07770994284206251,25.329514323389862,230.29225660498528,17.58790932079984,3,31,0
0.4743688048551229,0.08100474951648384,21.124689857471363,72.74842911076055,21.15545014073291,4,63,0
0.4231390188181432,0.06551921022956919,27.177706170974787,214.7939042411899,17.407385455386923,4,88,0
0.7644480953242425,-0.039069507347126275,24.675396994684156,6.126525289516649,20.432587057716802,1,94,1
0.40982686823811565,-0.10673639935964244,33.23822593372764,247.9201508425178,24.596077901850894,2,52,2
0.5349617672745247,0.055201732469322196,39.05290266227203,148.08557012715872,24.62261301240998,1,15,1
0.5866827858025977,-0.2846808977169298,29.7934356114423,281.02189496555593,25.063651586021898,3,91,1
0.11790174114956553,-0.2955261411457182,29.778679673422875,113.32801239778952,17.82077590980392,4,105,2
0.522409369013875,0.21098509577804908,24.120846468087077,78.95208134515329,23.80990885826708,2,40,1
0.3827616327070471,-0.2721455731334267,29.115773299382383,298.5169016268118,14.774232628941652,4,95,1
0.4454497047002688,0.014877090200050846,22.983221659678456,159.20336145362256,19.548568408397312,1,85,0
0.18223566676610523,0.06899265776978702,15.027301857808549,258.9547627231314,21.66213833606553,5,75,0
0.7419128638318891,-0.18109726222653863,36.65240432196212,273.3171492063026,23.72964374544051,4,1,0
0.8727714856629885,0.23743850295908903,25.736102138042632,155.540613834427,28.23991983508501,4,46,0
0.11826043291627202,-0.185942536950975,27.302212126349918,136.7141776557563,16.095372730795816,4,56,1
0.5931256655053053,0.2307089924200048,17.087522885648205,165.86578643170503,26.90571829289919,2,125,0
0.7263521351764537,0.15779416159982107,35.9277628351348,254.32185086442422,16.222485040186612,5,123,0
0.33354222269290934,-0.15555422788548362,19.258426759439757,289.3980694802399,21.03818838070654,4,131,0
0.7457955795878377,-0.20955350023434388,25.2655289696079,98.49663281091485,26.561996948495985,1,69,1
0.6185311416283671,-0.11026037388825893,36.006638676597035,221.589114635954,24.46299210539381,5,49,0
0.8619133584622775,-0.06122966023783519,26.44457350533799,85.61234318698784,27.25739337754659,4,74,0
0.9044239453100937,-0.15252919410064594,38.278808386661595,183.28591239945163,26.29762385032747,2,118,0
0.13472381347893794,0.29933492925265387,20.23285758551724,241.43687646548116,15.526945238690741,5,93,0
0.46484896404214515,-0.16220859825625136,32.88082074886928,265.945897398388,29.85873343423622,2,90,1
0.5485299858141389,0.19838089618971416,39.44996308904319,134.61485528377403,28.739968644141452,4,65,1
0.22032945123027503,-0.20452935174571635,28.74034093050777,110.92670476976745,18.603492424765797,4,104,1
0.3757543809504367,0.28814677516556847,32.30459746609982,76.03548360326636,10.944189513777525,5,130,0
0.9098709071602986,-0.1646859250301491,24.83066649002521,40.02515112545627,16.069933463782604,3,100,0
0.11330897420082658,-0.04698686712984468,33.78343349313673,109.47527059310222,26.723050611928535,5,60,2
0.471056503849995,0.0351384400607439,37.721851413093226,261.59334142435415,29.017408389976673,2,125,0
0.7909767898089208,-0.227828570906344,32.576389176263234,125.64285486319147,26.633439085197654,5,141,0
0.36559903542981653,0.19009204048746076,38.398217784524476,95.1879497433666,17.934864732091924,2,119,2
0.49343477225922583,-0.1351886803915021,29.71631629980774,221.73967337592444,11.130729993726625,5,131,0
0.9019975115461436,0.02956194096099829,29.428436011274073,64.67534148778162,20.351656880190813,4,39,0
0.48939900591007723,0.029780286415948154,22.615684702728885,76.88604074630473,17.527650177263148,4,63,0
0.20735547596012924,0.061584391395471005,32.740687279094644,280.77259450149074,12.459447743561697,1,37,0
0.14241162316644068,-0.2667084080854112,37.048813043903884,24.476907785165015,12.11706692778211,3,54,2
0.8752415894007578,-0.19882874290105929,31.15790565322328,124.38935407302698,13.060737673121917,1,110,0
0.31796371888555386,-0.20328465424598147,20.825980514964574,173.02535771844128,14.116473467692794,5,101,0
0.5133324033829317,-0.11876924435048888,28.602727868042166,69.07821468438168,25.075728187309437,2,0,1
0.17437544819377426,-0.21305150588499608,33.89843542378537,84.3037452704159,17.634069410014156,5,113,1
0.4473971988514962,0.25315279246457384,38.48408287181882,66.55360942459933,18.738762603903574,5,28,1
0.8626865257851017,0.007772670306780416,18.914901238013847,103.55567161819248,21.96762669966236,1,27,0
0.5119786547773695,0.07414508862161062,18.187427274164016,269.5517265235345,29.202669548640326,4,81,0
0.8963308244779089,-0.0855070947611275,25.32358825582265,129.47620397149953,25.129380978006772,2,36,0
0.31224522253466774,-0.13425231537965307,18.14027923656527,125.34870495702953,22.914252277624023,1,144,1
0.5137270965572285,0.001906302139327798,39.51072281262796,115.97426405231678,24.876642672156358,2,21,1
0.8048152492836467,-0.12340621509909983,25.607609182063978,289.23471808127226,24.385850422371753,3,22,0
0.46756693073406996,-0.09381244456214144,28.340262976697623,35.18983086594469,23.804985219885534,5,114,2
0.3291796463275555,-0.028349475437485727,20.677194532319284,261.5626262818099,19.928142389997134,4,42,0
0.801489798002663,0.003440212310613311,26.228153088423234,98.14832031839265,21.336941602799573,2,107,0
0.4197093644755394,0.2905884070691032,39.6173483715305,286.953477511606,19.229829328978937,2,102,0
0.535193098669392,-0.16600644710283569,27.217178784174237,94.56817387309765,17.899169940939963,2,28,1
0.9007521944604194,-0.0072143010704117105,15.220598145112156,24.86230897689614,15.415361435125059,4,86,0
0.2529163016998084,-0.21029295630639663,21.063188256265764,156.01256530575475,17.104264025247804,3,80,0
0.34714852211055225,-0.09000046037521642,39.4613707619626,68.35967379297311,18.570592346193088,1,14,2
0.12547707205726877,0.13038643122384258,39.72668783526831,225.89694464201276,21.587588099689718,1,114,1
0.4213069221262433,-0.19532271374365526,20.262327244292642,197.19168549838633,19.99750194406028,1,128,0
0.26415041307958487,0.04881078453002591,30.38160219609634,205.940747376713,12.158979085545184,5,142,1
0.657628647034471,-0.0499793858591957,16.92270826263536,58.04684658319099,16.79947310914521,3,13,0
0.24868359618799896,-0.2690522733573162,29.43604106111573,212.58907946554214,17.5238693720326,3,26,1
0.6533464569728131,0.2598451448870667,18.148017537160936,93.3993080941012,24.138519302261848,4,123,0
0.31604985111524053,-0.05183811582426817,35.46653809106645,299.60220841802135,16.65784168710909,1,45,1
0.39127862397938384,0.17035592145069972,38.48937469005611,219.5302989222019,10.159116311692758,1,93,0
0.38606573467804595,-0.05021190676091983,19.324670201237065,177.12345222255382,11.686732466600834,2,52,0
0.6877364351341597,0.26241619294727075,26.5678042148706,260.1353337646644,19.9399683594046,2,32,0
0.48253759577344135,-0.1257177993426615,17.551074961865854,176.79350991582814,13.769910085447412,4,93,0
0.3962650970592001,-0.052661610187381885,23.478500176824376,165.82496003266002,19.89244822558465,5,30,0
0.799150629612349,0.15531854415557178,16.627443869013163,71.19468084161386,21.48410744172245,4,20,0
0.5689995130257862,-0.09379961083148583,21.613663200435678,203.4335985976275,28.668758051387094,5,79,0
0.2753412734479582,-0.08138575719889238,39.75559167723254,112.39332847483843,23.111598486976398,3,29,1
0.8380748480778197,0.29689390404853405,16.115081683035047,12.924788343639104,10.620814452668654,2,28,0
0.38097324274758537,0.03336871541421116,36.474208240466766,244.81853891098731,17.61461036569689,2,117,0
0.13196308958060274,0.11362827220208888,16.93631444385262,15.561949994622559,25.86913941563077,1,79,2
0.5055721836590514,0.08607734049216587,28.224923277934003,201.69003685215776,15.211249119798563,5,81,0
0.2016292046415198,0.19675448829394332,26.302994810683643,47.016267445474554,28.49946143000482,4,21,0
0.2955424838469089,0.21709505966504578,38.28886650051612,129.77085497125915,20.580214171272754,4,24,2
0.7126309156036771,0.037953679482185754,19.97624655712724,257.7274975640162,11.848953836444116,2,58,0
0.20721648696858125,-0.1232663550201604,19.492050384490877,28.32586473424399,14.833410803605606,4,58,1
0.7616942639703093,-0.2863198514550183,33.71785221419581,200.14520356578626,28.12598398177325,2,67,1
0.868263976267382,0.06864195063859208,33.14298682750885,183.78562274582558,29.829195023496197,3,20,0
0.5973563223345147,0.19528129995937177,32.47954426231997,260.25892390688784,27.260317851347068,4,134,0
0.68249453745872,-0.029676116693004295,15.653177904309517,51.82046139722002,16.413533693038424,5,54,0
0.6851410201240823,-0.20117631570548142,21.498992168122715,239.93625139074146,25.37638025020197,3,122,0
0.9141025249617649,-0.12715075623861544,35.997379446357485,135.03635902239847,14.444552871925113,4,60,0
0.38006137500533077,0.005993357707118729,30.021453036419317,128.59317374797365,17.690445748962553,3,70,0
0.23354237201901606,0.20200873138659997,30.05487301830454,108.53530525196248,23.94336257201395,3,16,1
0.5257171326297436,-0.1969481123589476,22.397915135120293,115.67224385877537,29.378026783691237,5,101,1
0.5372648440620008,0.0672899254257085,21.504327213923695,155.98788792756753,18.78396553562814,5,8,0
0.2458882404028385,0.15202116837032725,38.66387220045637,32.03994687703974,19.916728420666733,2,112,2
0.6027497235751944,0.26162851220089395,33.193881971330306,127.51976096188737,14.40337057902109,5,132,0
0.11158228145099566,-0.22997778499268434,18.17165294504594,195.59436451785686,18.064454854987304,3,54,0
0.8606880900124617,0.2558349804987344,38.44267355359409,149.45770603149438,11.260372153912888,4,133,0
0.3169509078134346,0.06088052110468767,29.55925379545137,49.74884065488684,27.171717912536774,3,104,2
0.13243937087995727,0.1600209524593716,23.3340591739272,108.91551053748961,10.466691784284007,4,0,1
0.1887645420093828,-0.2677351742588667,24.92848615998996,132.88850232777895,23.670491691867035,5,30,2
0.2970041375893062,0.0036888933843570726,33.13511275881545,200.66244438989045,15.46443402908334,3,96,0
0.3246030582569571,0.07357780444847623,24.40681629215209,270.22989676124934,19.522188640663234,4,105,0
0.1269041995881375,-0.11589969607629588,29.468619977965176,165.11265377634555,15.63116880199515,3,14,0
0.3290709459988579,-0.04100987513924842,32.76248741621012,202.91043843520924,18.001413360538088,4,102,0
0.25821222392465537,0.03257888116775881,19.884374932649113,23.156887631821334,20.935557728380918,1,121,2
0.4104691604963052,0.031528763863787945,38.606037156063735,286.3401088042779,22.817868228643896,4,13,0
0.4158375446318948,-0.2748830847558971,23.904319285885244,94.56260710665687,28.80572286198233,3,131,1
0.37798634729436087,-0.03631094005266455,25.484368926922855,106.28752490637643,16.644018035512957,3,79,1
0.3688975844951773,-0.17170910712466148,32.46285919669552,66.8528341924538,21.697150259475038,2,92,2
0.17357964774782603,0.2500170468512099,30.2196272346941,25.401021529664757,28.034442944164883,4,7,1
0.12066805664345298,0.28594799407400046,26.00299592347948,237.01403704255537,15.80463615900685,2,91,1
0.2657337261283026,-0.12021186218875854,31.243551007519784,72.14702451185184,27.300999622509618,1,68,2
0.7204525304816246,-0.19488876164936475,37.570707689301116,84.80632060359393,29.151101927796983,5,55,2
0.9124640077519202,-0.16829750943099414,35.00709041613547,54.538882981881784,26.949874112538275,3,117,1
0.8613914635470098,-0.01334864678822778,35.606475248869344,292.46558408966405,21.39721002683194,1,37,0
0.5134598715409703,0.22470335946790704,21.460210214182823,234.31043918376133,24.4423107998659,2,8,0
0.5360955617379061,2.172896258378909e-05,25.48508373244094,278.96989499421016,19.621317371020872,5,74,0
0.35795688660939096,-0.2667647629708214,28.845478541351483,258.5170101160531,21.945116088994702,2,111,1
0.7346303396828782,-0.2760686383721136,16.10477047903707,271.8890398635785,29.489481339565444,2,20,0
0.7271004841047719,-0.16356543262629086,34.24480450943311,143.7102155547579,15.0224111231109,3,147,0
0.7923033332176046,0.20566276656565724,23.08658561037722,51.16243120713014,25.85094245081288,1,100,1
0.8343137533014452,0.0728883345210864,22.064901951025355,98.06410030726332,20.124662995096067,3,140,0
0.4561663835447426,0.03777471227177487,21.482300233903658,87.73545509451107,13.537465068637452,1,70,0
0.7288379658479021,-0.10861824445041471,22.08448163550161,215.1401512804069,22.87070761408888,5,18,0
0.7612469576126205,0.2576552430277124,23.450370803945805,7.701805892202729,25.848538130701534,3,26,1
0.3529368904481551,-0.10129305302272054,30.12061395190398,42.612664475393125,21.37511638646739,2,75,2
0.861978640085043,0.20096664759176802,29.58913304750158,204.86553607645828,26.748656019833184,3,88,0
0.17736003216451748,0.2375421107855304,21.392793840046885,37.03270614013243,17.317372281739747,1,110,2
0.915300726913892,-0.009998992070317958,20.160606914330188,14.487555231120064,28.275365979748848,2,119,0
0.7314743888902729,0.2365735616884455,35.658954751783924,32.764549383357256,22.966401999726543,1,114,1
0.17648214236594834,-0.13391802756537174,17.318083441909163,207.2022459129289,26.06318649863126,4,88,1
0.6381083114461005,0.09506005570996551,27.82057103002319,41.79757782141002,15.459702497166159,5,2,0
0.12802711696117333,-0.24722175088536824,28.0140218547319,43.89130834094441,18.922566238058334,3,79,2
0.73155329854423,-0.015639471544563688,29.35342017029054,69.0900590277298,28.192348234802907,1,122,0
0.7553627957604253,-0.16960091870499125,37.14125289767839,225.2732112589568,11.017911010037631,1,127,0
0.5939764075349871,-0.26234203324163824,30.59784850236919,60.105873678232804,18.07963427126361,5,125,1
0.8026255213715878,-0.29776469515342757,39.34084415620058,10.612619017262158,25.606373161076718,2,1,1
0.18026428977618497,-0.10514873013551498,36.78382708371819,271.75900667278216,24.87629380356004,2,65,2
0.32625755047346683,0.053718356722057714,20.368506487180287,262.8955272872768,27.032456615387325,1,92,0
0.4396255677059898,-0.026861791409305613,21.02958275563253,55.44570026894172,24.787806693574865,4,37,0
0.1348155213190406,-0.11893842088830234,23.619353397879266,79.60277693203648,28.941842983380127,1,61,2
0.4675371918083563,0.29472001846575063,24.787860377003284,56.56727143309228,19.96519110700092,5,14,0
0.31747503401230415,0.2637150239878067,28.824878007692387,215.86036168851896,22.48579673706582,2,29,0
0.4220427099234375,-0.22460801589750187,20.81281582240847,75.00266525676962,26.95411517120453,1,0,1
0.44858415823369135,-0.050935543998903154,20.55862952784414,279.4349272135506,24.033818997126943,4,146,0
0.8211176214599019,0.08930816039616651,24.53474893420199,248.29230731507067,12.041134377473384,2,128,0
0.32167959583266403,0.14009447851796203,31.8005778303188,176.52033827090196,17.339929051895833,4,60,1
0.8328693655473431,-0.08017670705430577,32.20314032740471,2.6814674141139583,21.05181596663744,1,0,0
0.4492961911465364,0.1477690876412086,39.402918501007235,265.100821925,25.094350877231378,5,50,0
0.36880233096906856,-0.22550999225359303,20.06038584804535,218.32849395976623,20.871351376371464,2,65,1
0.5120598804548198,-0.10091242484537716,24.82147879642452,236.37221896230193,25.550984827675837,4,25,0
0.4425494948175286,0.12985990545354303,39.116937448476506,21.54756137159731,26.75218952925816,5,99,2
0.3110452967052198,0.07540967415622507,32.25021856663881,212.56805106556266,15.302565405903621,3,149,0
0.512197046332775,0.20232612891699292,29.806963120550478,241.3768420872431,22.32196346324227,2,126,0
0.22447742112464164,-0.27188578639970695,28.491151285033673,286.99060684711645,21.14220754961566,2,128,1
0.3885825532788322,-0.19536496930617087,16.887759503406414,174.14114183473066,14.546345053097356,4,124,0
0.5639479798867543,-0.27090325063682014,37.33434522039776,152.41255559978146,19.79756178473663,1,10,1
0.4389947603996841,-0.1847314654504732,30.63763038537769,127.61903699457353,20.97136569137435,1,82,2
0.7756081360616531,-0.297430313620239,29.291685198200852,210.38630428939314,26.34679750411729,4,84,0
0.31051184445883634,0.002526181007319772,28.487508583046065,276.2463914143841,19.219787492845605,1,15,0
0.8952126946414283,0.01698863734095324,24.797855183027792,179.9265146148107,11.61831964951899,2,22,0
0.7434720570981082,0.09473506884359689,21.36661728402232,68.18509245250193,19.745919164644143,4,84,0
0.8934262813179272,-0.06905253167937392,33.883049633362106,5.272185092753023,26.759018887528654,2,107,1
0.7872719749608494,-0.2980753855888896,27.739187944041554,185.73393548025828,21.42510904655091,5,31,0
0.216525219198347,0.10433469264458228,15.848488307230507,259.3793664057158,16.377304554044358,5,72,0
0.5316972743207113,-0.26742534735125245,24.97736249430408,19.792583272022814,28.419418959685167,1,11,2
0.2393823873805443,0.21970225849064634,38.215090955570815,119.27136268840377,13.113027692521236,1,16,1
0.7709464291543511,-0.28640760737523757,24.347364038521572,282.0140778242708,16.537553049866045,5,87,0
0.5790129623303026,0.01828507395397949,25.330825198139344,150.50309875704158,18.7426938125916,1,83,0
0.31602843777266276,0.2369507294313124,30.599028076375888,66.19746893657792,24.759557758517527,3,112,1
0.8622711570458805,0.043493745473268064,35.04187009539706,106.09692353065454,26.71493584251522,5,136,0
0.19445256371769376,0.06505004792635799,31.711527942617803,122.44186985844189,11.17120952490399,3,28,0
0.5623671708464775,0.10896650900244342,36.25136827807366,35.18685432503764,25.84071640927189,2,51,2
0.6912532548267148,-0.2265546913617198,17.84926467601746,198.23767315452335,24.410568305013264,1,128,0
0.14825580061259408,0.10495626048633572,38.11481383296622,177.64929872774292,27.893046096236326,2,7,1
0.590241947229087,0.22821292920768915,37.59804831028465,194.31686335967322,28.008859816510842,3,124,0
0.7690389966797372,0.2845324997011898,27.978714664639696,183.23747060405637,25.550511173208967,1,141,0
0.15537239782280376,-0.03416880038499176,30.618555944680026,5.001620486501901,13.80405368527374,3,14,1
0.5200392363074342,-0.09329708899347189,20.32032625503504,52.33885486989589,16.277430133121015,3,21,1
0.31201688608196687,0.15198576935779023,26.19868594953472,49.671600583758156,28.72639397696996,2,102,2
0.6435980502602751,0.025724572857188766,20.06758402299531,29.385445889396834,21.963465997077158,5,71,2
0.19731544100465284,-0.14561720732698172,15.549416973525489,220.64273195948292,20.775214687785756,5,148,0
0.8683821731498157,-0.1967052690181782,39.52257670317631,36.04116434354751,28.31418880087997,4,81,2
0.8336774370060801,-0.1978618196443538,21.478662892755125,200.45822203510326,27.483971481993294,3,98,0
0.2524990242980816,-0.024493778036308755,29.827707722445883,53.517092896102625,24.549923066327615,3,35,1
0.3650780251793858,-0.19792535663060992,22.506259588446575,35.4930534743779,27.64504608319087,1,48,2
0.5818606792154953,-0.2881686335931085,24.265540505260873,48.7590145848238,12.276699543909679,2,26,1
0.6888111160400854,-0.26874673501818597,24.94403896455687,152.521036961406,25.150879331998162,1,22,1
0.4629779324314117,0.25793072637177944,23.376168283118943,193.64475295732672,29.31280404393736,2,16,0
0.22815888400799955,-0.2562231953039185,30.934993983498394,243.57745801729104,10.979535845628089,3,133,0
0.18540422491835473,-0.25609158565142426,39.02340676221515,38.56866163938918,14.460913035812684,4,10,2
0.9198075762697621,-0.02928693267988053,25.715866250155827,184.85602421574904,25.879367777308378,2,77,0
0.47338873958365957,-0.15293983059898045,39.33316810135663,232.15187982337417,20.400943288613046,2,76,1
0.8154760343017685,0.27761631130349856,31.694930933619577,93.72155145236532,11.732367090825226,4,8,0
0.4955483237958739,0.2465915036986825,30.178404875525224,23.914673810231303,15.359160583120424,1,126,1
0.8563332636077228,-0.05715405079723973,20.927596294973075,46.78378891995416,16.481191998452953,1,75,1
0.1719626938726715,-0.030761088350244492,16.57301764748452,27.46759426813702,16.421254436918975,4,19,1
0.1934957368943318,-0.07493180815465789,36.29836925729572,266.1635793068034,27.553454989376636,3,19,0
0.862298393933864,-0.27728033001412306,29.349526598606722,113.01050050807036,23.240729147160827,5,105,1
0.8769442969367237,-0.12429189644717478,25.360346560622048,157.00458154073578,24.698345567380237,4,92,0
0.35806830692159797,-0.22639591823280952,35.299183052212086,230.6064455412944,10.271401777771032,5,61,1
0.39123520733497497,-0.23857780199092635,22.76450956443297,111.44952663621714,18.550240059208637,4,60,2
0.4710091925645016,0.036516943761832676,34.59043139911218,194.73079638828384,16.356412561310538,5,5,0
0.44125257765517856,-0.24074108537186265,23.199095885144924,23.00395596553132,27.038508044803475,1,4,1
0.2558370770868693,-0.23824120572284183,38.02202966010409,144.27169427058013,29.077393078397034,3,80,2
0.8366678148302872,-0.01169177110839087,21.699171861420062,28.95568985109229,18.466816991740103,5,54,0
0.3077122325786279,-0.03463058092641674,18.438852939364278,74.48524220406843,29.461212291425973,4,37,1
0.6783233757716743,-0.21741912892057835,32.4524177087353,88.0022482786406,10.287184080875363,3,56,1
0.15506765574267778,-0.2973305851146822,19.071181326619268,215.27514116608398,16.514388084172115,5,90,2
0.13177609185331218,-0.1842153349392937,38.73407625722464,202.23125588677615,25.498623558599,2,43,2
0.6360589875130749,-0.15846464749077555,31.38887780972165,224.12402667931974,17.20199260950066,1,52,0
0.37799300321007356,0.18014906616532056,20.77151653211315,18.526514171200546,28.419246607558325,4,42,1
0.6374767020304011,0.24926301031632897,20.220473357135717,298.1742636519141,14.36929784996261,3,99,0
0.17709738577844092,-0.05643336150721817,38.096875978010544,16.326008612930675,25.913334546562215,1,8,2
0.8788781315310079,-0.05698396409941331,30.196447821247272,247.7243374317462,14.034045048050487,2,137,0
0.7137818628523382,0.12748877025592004,37.34340016681042,222.08068004416066,13.942098353456753,1,83,0
0.8185391310811554,0.0761532094228134,17.75563012114563,177.52853714754596,18.914987167665487,5,36,0
0.21190585431649897,-0.18951588798395452,38.134804889479405,131.65714954349616,28.89881176660665,5,113,2
0.3625319944921529,-0.23538652662248316,28.001232799852207,227.13970598105482,21.709099238046967,5,140,0
0.4020422146492022,-0.03743286560696951,31.71054790828376,221.95734098065384,22.700657897471604,1,8,0
0.5404815716279913,0.03889701789765776,24.321886788532016,41.15350064694135,10.194653449372325,5,30,0
0.34343215811607974,-0.21677543810471445,16.478508050145656,237.78974188826106,11.132304092635303,3,21,0
0.1497172085953122,-0.12403590395493327,38.949311033545726,23.567099230489575,11.338680513220469,2,10,2
0.40248027220472604,-0.11643420214165506,39.86495822771205,150.16384263856042,26.392843493224643,4,110,0
0.3087304379943714,-0.14322107938550158,24.113671219011074,193.52454797015827,14.737042435166712,5,28,0
0.41645545899983616,-0.023543240224925377,38.596698243799494,246.5066572125683,16.576763692774847,3,57,0
0.26150682494842153,0.09183815059184314,19.193157274039105,138.93306542791612,22.19905557257961,1,122,0
0.3147550271430831,0.0056339301695954025,18.86711124146439,71.05742326954356,21.67908635306638,5,91,1
0.6141009191544604,-0.17912606265159348,16.827796000229288,147.19788463698197,18.210589951368807,1,101,0
0.41828614435401335,-0.23823657177156013,24.78173518960377,75.06243313113603,10.08600412069677,1,14,2
0.38321438239898353,0.1931222777392202,16.30755625453998,158.6176144368445,18.992051501016313,4,145,0
0.5378026188323458,-0.01241719036932859,24.866429740322417,138.75245493195536,24.777652314400463,4,12,0
0.7329256434920192,-0.2627164895196737,18.459760716241703,234.15134512511833,14.704786306509108,4,106,0
0.41067172420532494,-0.1451271002102652,33.263194889323934,72.02703403275869,24.16716020547636,5,95,2
0.5817659838957893,0.18242026703049286,35.8340662334102,59.99555525710185,10.303056396345564,5,61,1
0.8922861528019046,0.15103579486412994,32.1953856949072,142.255601870088,28.160156086290634,1,125,0
0.5280236935768016,0.2254899797384266,20.012353810903896,15.1513095572552,29.000784153115816,2,133,1
0.8460340127443865,0.06125269560101526,34.1712048226989,68.80218853065175,10.049229668491186,4,10,0
0.7508115518902702,-0.04625643938516699,21.237504925831875,106.11147425630757,19.156368276130245,2,143,0
0.14814931895312278,-0.04401900146732962,33.98721492421319,146.2889137682731,18.27643880477338,4,36,1
0.45186107460479064,-0.18359997330423378,29.184939372409772,80.83101336760922,26.83766711839013,3,118,1
0.6726210944522423,0.0904793769107291,24.167812907280243,168.19094841252192,20.814431826465373,3,123,0
0.9091037682075239,0.05104125365571244,17.087309450401442,263.5243999335515,22.22730939872102,1,83,0
0.4758685587524404,-0.20708135314269846,35.68773774517564,163.11823840728061,14.050120061728448,4,129,0
0.17608407238392637,0.23139775202722485,38.49132301995563,86.05185652092953,11.541293359941617,5,123,2
0.5608475232645517,-0.07891907801364176,31.64794450001594,18.59429160069447,23.846621943652504,5,78,2
0.20378230954164744,-0.2701567406873589,39.11353916733597,40.99989142449709,22.413519839388567,2,26,2
0.7162460394291026,-0.10327144753212972,38.35278547607478,168.3652105641572,26.64657467966556,4,65,1
0.5162951379186579,0.2219140288269455,19.86521002009384,205.11265143131394,26.89366894884111,1,135,0
0.6932137220693749,0.2501739515170707,33.28030871495534,14.900383066221167,22.62070547945873,4,30,1
0.8128766980403894,-0.005760949644219915,23.732620485942363,55.6649489140445,20.767227659005762,3,149,0
0.6157373740734773,0.2738039640440508,27.18793401414065,95.72438120297116,28.280165380237023,5,27,0
0.6022002499876089,0.22514508552718565,18.924135778721144,95.93193266415071,26.025282717046345,4,99,0
0.7187476422604977,0.1951384302595352,39.36948570144131,287.5221042533883,27.648499899351563,1,96,0
0.7908131011911873,0.21582603880932355,33.153434576910215,61.13117938272678,29.916817965479858,5,29,1
0.8126241047471422,-0.07087475269870591,21.672707740774204,18.75610484373267,18.07011575533025,4,70,0
0.12987276045996432,0.15388136445332617,24.286792254200837,105.90444879369572,24.338693245815016,2,21,1
0.5560760433741873,0.046403401845689585,25.56207317071961,40.332591308903844,23.76135630463157,2,54,2
0.27734083403399223,0.131810401044184,33.688343103596004,37.97458954073674,13.482854266655998,1,143,2
0.8054836304410624,-0.19332833545153522,38.14243166923961,122.2351983351385,22.730971993860862,2,8,0
0.6316861018667562,0.13883634706496517,23.036003324614292,91.91734177498459,18.561785517578073,5,130,0
0.44458243280659926,0.274555460516503,26.81250220701049,27.518032846607852,19.01271180227422,5,101,1
0.2542454670595081,-0.11840200657114225,29.83018932086753,181.2910288282348,13.602759797081138,3,112,0
0.3779993732542577,0.2916967943733762,24.83359981000789,150.50992980610502,24.894786922719376,2,42,0
0.6770977095229841,-0.07297439111677734,27.60453308414213,23.129900685391615,23.958819793565116,2,142,1
0.26757482707354385,-0.1801659017873803,17.64269072550255,258.8233422042433,20.645802780043272,5,38,0
0.17673801517746568,-0.23262826211985696,19.19185969300415,85.41391746369982,13.13438382451643,1,75,2
0.8281835817465919,0.17097714797290664,25.027531430503622,288.41423548415383,21.137295707142535,4,5,0
0.7266524866556958,0.032895240225941036,37.87347529426381,279.4615897668977,12.002668442940408,5,133,0
0.26383184313966873,-0.11572122380278269,23.73395114361584,130.22898786562584,16.78744052284513,5,105,1
0.3396954656125932,0.06507022187625472,21.24482021512534,68.57008213150047,17.44715685585426,4,24,0
0.8970975452473263,-0.10073928729539716,33.5715555212319,250.45581375906676,27.66850785081289,5,99,0
0.6807112791424763,-0.030985345602924763,38.72825415191523,108.38575248673405,18.311241508887704,2,27,0
0.6006280434553363,0.21759847545185468,26.478090426588686,49.06520840138947,21.96939737251594,5,66,1
0.35225535804778696,0.10089988611549883,15.215123889179578,165.48231474568234,27.49557975807968,1,76,0
0.34528261821654826,0.15744110382282983,32.203733286890454,146.82073281037972,18.51518877511259,1,139,1
0.13240936732598899,0.05009613088174575,25.376520040403623,255.00536364418693,27.674070401414642,1,49,1
0.6973551308595838,0.29483882933137256,31.84113841540538,218.78441395179962,12.729226250532795,4,1,0
0.13540368454664534,-0.15515396022546438,21.94291289573009,262.8418460510261,17.296863143199197,2,64,1
0.10398301697736881,-0.14262530356871114,15.06020359542406,220.4108737162123,11.894544981329291,4,138,0
0.698185972046003,-0.24446463675700025,23.612405468640095,192.6524881943391,21.218592585625693,1,119,0
0.8780764808622828,0.032411701242426316,32.61980856532354,150.05314568310382,29.145641208156047,4,8,0
0.7203324991363946,0.06801554184502073,24.82783207522973,296.26598684893423,23.139036706425305,2,8,0
0.48674495631199055,0.13557694373929186,20.47935349133065,287.7494472000517,22.521512346974973,3,113,0
0.49855710463991587,-0.09873244443044338,26.60017160335254,254.65589446072488,15.563172644862766,1,108,0
0.4576318665722664,-0.2926459188809837,33.80871308245963,232.59576413565836,28.622135172462436,5,83,2
0.3662078070304736,0.07933772225299196,17.98582716980765,173.26786503555363,19.43069569551389,2,13,0
0.527805655632389,0.2992172955122296,32.293800841166195,77.92600815786204,15.340041060916382,4,42,1
0.45354378485571434,-0.12327038772600452,31.68360059509868,262.63170812638947,29.753999608660152,3,127,0
0.5904976616334353,-0.18963932851858817,24.268446992126783,3.244840463687315,18.46247867589478,3,20,2
0.8364584660108975,-0.13093982530418807,39.25840478448736,68.23199003817996,17.429979648190884,3,30,0
0.9159077222055245,-0.04475071513377166,37.36763248700879,121.11973352534095,10.69922534597669,1,67,1
0.16456949770399204,-0.14945224262846118,22.904037020051746,175.84714657022158,13.56589946289365,5,110,1
0.4154404475822999,-0.09182398477948206,15.777277334846078,168.2637961081068,26.18382710144561,4,124,0
0.24817908052878376,0.08292404314761759,22.707620168626917,52.74474791558541,19.653902092043005,2,88,2
0.3887387886189376,-0.09298320789443118,20.11804856352608,31.439459944059532,29.097494538503874,1,73,2
0.33572787520970687,-0.062364633129807195,28.681297851189818,66.6986782755839,11.677716064471626,5,57,1
0.24312044793396642,-0.27598124232044163,37.968610529553864,104.61263666894509,22.318868847968638,2,6,2
0.7265423638054582,0.2507655009737218,36.758437750938036,4.216106376025863,24.399682950866307,5,40,1
0.5069567691199734,-0.0558684240510878,22.645728891620667,207.73674616495674,22.42366252929207,4,32,0
0.8537813774181251,-0.10311389037912341,25.714938338890924,74.31823072124743,20.59755120251711,5,8,0
0.12672580346255188,-0.2481094822527693,15.913554976989161,105.42133096450871,21.565966406774216,4,111,1
0.15492197076823175,0.0805099292371102,28.604087691228735,100.47050717516986,23.7909918275284,1,53,2
0.4306843380028822,0.218294970158253,16.584199501268223,153.54894026355655,27.265270872750584,1,76,0
0.16582740273131047,-0.2753080799685598,38.46515415572749,257.9399166283833,16.726892885693715,2,30,2
0.3154382690601635,-0.2128365195803787,36.67334587130681,44.816986051662354,19.193081608833353,3,88,2
0.9085443893228314,-0.2121661026682756,20.354690660937575,102.21813396938101,22.718191732343417,4,20,0
0.27134687813738356,0.061364913208675764,32.48421699655114,207.60864231953505,16.28431904652895,5,101,0
0.2624565479579144,0.25273830163102123,29.200509560833325,13.269423984131034,13.575657318933906,1,110,2
0.5703853484124815,-0.037338979760694224,35.03394281290458,248.9935905486671,29.32337513556266,4,46,0
0.5083585984503886,-0.09371613108368962,26.891302668788,288.547542149228,13.894577775924745,1,31,0
0.5759594037063328,0.15950441135801474,19.79429926664445,182.29116077459724,14.654661908045014,3,117,0
0.4089229281310083,0.14554143705339084,30.996085003070792,286.9525113092164,22.37372200965185,1,33,0
0.7779451351138567,-0.1519463164336742,17.007008174898626,123.91854882952433,11.547366198430055,2,26,0
0.21363605218281956,-0.20350418261526837,29.614699779210554,124.50951919654106,10.680953076304132,4,51,2
0.4512819695900019,-0.08531398055078618,20.31762013661144,31.874672824031236,11.280272076106971,4,144,0
0.6656047157241514,0.1653620353359787,32.123410928089,10.63408049993091,12.465272915715367,5,69,2
0.8119538810319777,0.11703803394898699,35.70107904320271,73.35129544036016,18.583937242683746,3,39,0
0.4030487172125413,0.09951222381372316,17.73811823205181,143.4385971303443,26.585212869289826,2,77,1
0.5655513912568774,0.1976571360979223,25.00671380371481,152.3047172588667,16.839437861910547,5,52,0
0.15669475490595444,-0.13372181259516375,33.33803969439992,65.27261452242999,18.550628292948396,5,99,2
0.23966165225169975,-0.09618976471829394,19.09257653797146,183.84170239842825,22.00502185671734,5,65,1
0.15669329322221387,-0.2745963296344944,29.16309175089283,54.36176245151637,16.042888512475223,4,88,2
0.696862331438788,0.22124746548212,31.795974546893078,97.86334208073004,18.65075757535961,4,65,0
0.33620917435215536,0.04945784095330685,23.869840180984557,58.712854556798234,17.726233737287217,1,72,1
0.693471137957307,-0.12112662486978401,35.79955685506503,208.99907999704124,16.8376708330004,3,67,1
0.15444658881548515,-0.25835008113038066,27.766454626167842,154.97175246669354,17.767863389640752,3,59,1
0.8072891963348269,0.13404570189747578,30.674870998512752,220.83032972178464,10.222354208241267,2,144,0
0.7851347624510951,0.14924251172943664,18.521819917619467,17.174450877494905,27.725213362431692,1,39,1
0.17292156930123176,0.09970719126901356,15.579004363316727,127.60862407054243,29.546935948973815,2,120,1
0.11948033529489295,-0.17773141743196227,16.268714270624656,290.08757369442617,27.249923828322768,5,106,1
0.14615682664523277,0.24792963510516292,37.598003704955396,16.085854411909082,10.114845481084833,5,79,2
0.7999767419803219,0.15189481141252575,37.06605960620628,125.51360690878865,25.017710933892438,4,47,0
0.2924568610225545,0.09465379415038216,35.189785979046064,12.119465656686168,21.46200345173427,1,72,2
0.5495841206437148,0.0905663540530725,19.990302280871518,43.99599629123999,11.883498220155007,4,127,1
0.44952024660764656,0.24261462005498474,28.13646629873758,138.75793547191546,28.657182697591953,1,27,1
0.7523309315074537,0.25698427985827427,34.90292751370933,47.25401930521578,25.52434258445274,4,87,1
0.50089660720595,0.05738245080614396,31.866729531394345,155.62662748915292,12.905925728961874,1,114,0
0.5105418893422412,-0.04999835342247094,17.88802984189844,276.8195048310209,29.28082859386992,2,95,0
0.91105539038992,-0.08175961226435027,37.38852999531059,60.12226745922802,12.523975056212802,1,21,0
0.22310623653439082,0.19144730464843346,19.017059819449056,32.155952913659334,19.093597570185672,5,76,2
0.7811772297716638,0.0867632039006001,19.294892335333387,247.58296859488559,13.17951465318346,3,27,0
0.14243479139518553,-0.2536403818478078,37.52521572926771,138.08095422412657,13.003815901158088,5,139,2
0.49167199104983605,-0.21468839219098368,27.115423477362903,264.78332965324137,29.3561147674922,1,52,1
0.8267945556250793,0.24011153706290783,24.32229564891167,91.83698839961617,21.442455627846805,4,63,0
0.6454754517953795,0.23069888886270057,28.841418557451412,188.25960155612688,15.183498353860049,3,128,0
0.661875987880229,0.2710994692184813,39.534933320802786,276.9940662904993,25.52798741733067,3,64,0
0.31592017145031814,-0.04328941960300575,17.990761381026072,51.508739834371774,27.50488798605015,5,29,1
0.4432313289163925,0.17043654458442425,33.923721219801635,240.21856779162098,28.352078735755576,1,133,0
0.40059647206922144,0.19693501638859295,23.358146556103186,189.45502495353819,28.659699419337443,5,97,1
0.5275834323295553,-0.11058185649708413,17.926231771190594,243.88402338811602,28.111636595105903,1,90,0
0.4790269027178079,-0.21279737326371467,25.548333883823467,51.20800348593245,22.778647918531412,2,11,2
0.36805664853913134,0.2982158169835037,28.718821943131772,130.2259411011037,16.849332996141143,1,67,1
0.3504941021443595,-0.28186847774919005,20.149040943203673,38.6511685430858,28.51135354877764,3,68,2
0.30569937115720014,0.0584015512268658,25.13173647741506,288.0246323956094,12.44993056000772,3,39,0
0.39933874244550194,0.09012736450902537,30.891900636807264,18.807516888040343,13.37599630101635,4,84,2
0.22295201190592975,0.10907360518178899,29.411200493005556,19.64501939831649,18.676550809913877,4,36,1
0.8151255276429306,-0.14662335361854617,33.07901485137126,269.44685765451067,15.673298844263632,4,70,0
0.5937379013034104,0.13294754657931046,35.91011332343503,90.22864444130249,22.31465628447743,5,120,0
0.2097048689869615,-0.17016026203124068,25.228508294234345,179.10600985414504,28.106038459292463,3,110,1
0.6689646540513812,0.19742295345100946,25.574181886555685,86.24265867219204,19.82062652744895,1,41,1
0.795086503758338,-0.16852999554921927,27.417303361378828,194.6275126882595,21.077411868370646,1,31,0
0.2947792510828523,0.11802361744564649,29.15883445953259,57.740810781008165,18.462674579621847,2,0,1
0.2234924873565564,0.17004809150038552,17.70806685594729,137.6608374154408,24.151383199518772,4,51,0
0.10706615084967669,-0.18663254972268672,22.81588385486935,160.04765243411833,12.013775596924276,1,2,1
0.1387452778623178,-0.15720810742043834,19.297294884425607,100.09286708613901,10.971797718531231,5,19,2
0.7250461056088795,0.16746224324062015,24.64631905860329,75.51018338068562,22.826769488663256,5,146,0
0.909492792274189,-0.24840061701902827,39.33385181435091,42.062000301365046,20.69757090308304,1,128,1
0.13680186443054682,-0.1855434285200015,29.56827391702449,211.84330089237596,18.147160580387553,4,83,1
0.713418186445512,-0.026681456286050897,25.734537998013657,50.48481479832697,16.67985283758344,3,116,0
0.15892697598958727,0.2581091572468623,29.14842238059272,87.6379173564434,11.03614888086251,3,73,1
0.5855489164210068,0.03712670093580628,31.72691388567948,101.07262938495522,23.61112324827996,4,90,0
0.7199817315911551,-0.0673932910750647,25.873836582260026,136.31003909390103,18.429350716414348,3,137,0
0.39454760575954495,0.287022133333486,26.192745106322178,210.77060986502008,18.905360790392333,2,11,0
0.10896647131074427,-0.02177321626722689,32.535028234542715,128.38354039611164,27.868897028237836,3,52,2
0.5880552687428493,-0.03975901578751079,16.52156458014253,261.32808643064504,24.750957650469577,1,17,0
0.9128205950748228,-0.053013409867365885,28.502014207208603,203.93569398605536,14.38886297386583,2,119,0
0.31124628672756655,-0.11269195643592225,28.68319530544254,251.546014839054,23.14332993043565,5,123,0
0.255382847293517,-0.10458311415744939,33.91880652820952,214.9061883992822,12.645106370073155,1,108,1
0.2016192320578823,0.11270223595769885,39.56611880841645,44.589539951129886,13.881277357042862,3,91,2
0.5553096083180461,-0.2754986415948713,34.8938696696702,293.37819055922705,24.282984814648692,2,71,2
0.5890849814754242,0.10909003538779133,27.5947153162617,235.97587973050966,12.51780836499795,3,3,0
0.74966208647973,-0.17927730112447632,19.236329490179465,171.81653059020374,15.60387902741956,2,116,0
0.717520084368818,-0.06947519807730426,29.706524290829265,49.56928222143785,27.961205359670785,3,134,1
0.8318840257319715,-0.2120766164638008,35.85747216781715,51.80419457369234,24.766309565630916,3,144,0
0.7607336126406872,0.03165062644348188,38.31035159113331,184.2993524580425,28.589190352820395,4,51,0
0.30275900812514445,0.13761026697128376,35.632759487352516,124.8591399006034,27.63666683922407,2,30,2
0.5558194719981241,-0.08720665436618119,19.724215159064087,202.75785015454372,16.25158843950625,3,98,0
0.3438778064567356,-0.20195005347584222,32.81439660873329,111.72831746991079,22.64754868962073,4,2,0
0.370424011232232,-0.16409665084129468,37.00387368714608,153.85355143697848,17.573913562435465,4,9,0
0.8641943827685971,0.19086775111534354,32.02542416567438,56.387411389188614,23.94208663252219,3,123,0
0.6591546421550003,-0.13941075896408853,32.143801023205384,46.560343288147976,16.96914043301826,2,143,1
0.8991641388659068,0.16482155580673624,27.504057156276968,22.693429109547182,10.026347437601185,3,60,0
0.4418682801093705,-0.10128035591627335,30.924405553137625,245.8917914695657,11.878764303435709,3,76,0
0.5406988101502608,-0.18676046739422247,22.35951798057553,166.61587547389837,25.42024652445548,5,81,0
0.4994346443314659,0.1363851357764586,17.22025216964363,284.1423119719987,11.68010489544522,2,20,0
0.18797538716945608,-0.018872982314875997,35.69287261863501,224.84588440779842,21.988453664804847,2,33,1
0.2940956355118147,-0.2812336492351161,38.57860768478789,230.62894807484818,27.155570247183846,4,44,1
0.5326618156956754,0.27596545160663916,36.4205583844236,152.71753025910465,24.822024736842252,4,126,0
0.15524693020906513,-0.21134793295673554,23.347838844520076,244.63618095769522,18.268775896390814,3,65,1
0.8637987820332892,-0.08795581412814515,17.338253782698207,282.61903359414504,14.17208430586306,1,108,0
0.20155181919356407,-0.06912321900257562,22.003459690785164,216.52207570063132,28.450749754836554,4,29,1
0.26234421206186387,-0.006342060444952002,36.070884395247504,31.676682266100396,21.327993635701198,4,143,1
0.727563403629682,0.17126641340050236,31.3953626908304,195.30595777605188,18.108401185341116,5,132,0
0.17948632426723726,-0.29634583219492394,39.16735610257343,36.129963672327584,28.841153980465567,3,71,2
0.8382280416846357,0.25948323080164476,23.567025460927585,23.166726725600352,14.300354877438217,3,33,0
0.6950747959924792,0.08759367612180669,28.78680300729106,207.8701215347814,18.84563744907243,2,146,0
0.15626910282926432,0.27038932748936134,34.7509555409557,250.43562957721156,12.172914183270127,3,121,0
0.6673145902542353,0.19043372244989148,20.84979856829531,47.65244721880998,12.497605217990763,1,76,0
0.6179354045804806,0.25670293084993007,39.10224936649165,22.244582389813417,17.971925119936703,3,40,1
0.7210265348467333,0.060600330561406845,29.80994181229537,265.95686825761317,23.99320711970198,4,93,0
0.7791222390412554,-0.0856146102736951,15.19743908299133,39.66280109726067,16.777878883083666,4,55,0
0.6890474618019872,-0.034251562131837776,15.62883189070031,10.525828123121151,23.79195945206004,4,101,1
0.580664562122197,0.09481938623046776,37.05540041003988,216.31631062994668,26.103809385047853,5,124,0
0.3644199212370577,-0.04384088414019821,31.132038194026936,254.31466622860287,27.551558293066726,4,73,1
0.6717644027005419,0.1390036700806735,34.07681297659656,154.3420024392679,10.89439008107474,4,7,0
0.8847166993972392,-0.24489119035198226,34.6004000239227,161.97757322813635,25.47463309946183,3,84,1
0.581767860033677,0.1979919893909332,25.511494406269414,101.05815381821358,12.942842444480362,4,128,0
0.6447627921160882,-0.1774868162147975,34.96528115355754,71.53895965986978,23.965245865986684,4,33,1
0.4584449946038366,0.2663685657148335,38.43831112031345,226.56962105267584,17.433249312000036,3,143,0
0.720019063989321,-0.20667252003763925,19.30427769424054,254.78532243631275,24.155865953897234,3,54,0
0.9180872617176815,-0.22250148233856132,34.10340998855052,96.37342744955902,14.276484890159937,4,102,1
0.2315192457355436,0.18712566635243572,22.694800190389124,82.14575546269542,22.899814378019904,2,105,1
0.2659723291930851,0.19122109662180858,23.03732507634635,80.33751586351502,12.510281741238812,2,27,1
0.5423389621047994,0.14325565192874834,25.318871275909657,15.178625406706836,13.394910953136138,3,5,0
0.49472782575455976,0.2763182783428228,36.59298799770214,84.32250745211431,22.289238503291195,4,142,1
0.5686872232955095,-0.13767622278875039,15.55140168275123,7.695275090701504,16.735429833007213,3,105,0
0.1402407191339039,0.1959892433941725,25.848155170256597,236.52228674051184,24.07556146227617,1,94,1
0.4315066941909682,-0.0887756819739475,32.001191239231765,76.77804870928799,23.703188708053748,5,45,2
0.5780421748937599,0.022439175341604445,17.76038645706305,207.0465568054091,22.432679805101568,3,16,0
0.5798569080700694,-0.032639982179202776,34.80633992543541,162.95651566216685,24.610810824686354,3,40,0
0.6390138486500664,-0.2964899863958356,38.54756494743383,251.2390889931596,25.878704813273277,5,82,2
0.6905771437821844,0.044677316123494626,17.273370526924467,288.1136182671065,28.22846564943648,3,104,0
0.6260687067395024,0.1485035326583718,18.823703445771955,110.1874842387495,11.610316589635204,1,47,0
0.7479993874193367,-0.19526856985483726,39.35243062365507,26.502245966891145,21.430980295568993,5,32,1
0.6123037204413652,0.25899351713582247,19.94639101964354,224.89372931577682,24.97553667240802,2,37,0
0.5407562832805077,0.01823972365110227,16.973491892580114,6.390697859755012,14.338829133397546,5,144,0
0.597081071688005,-0.19305239810934388,38.804813409897505,66.88900034587388,15.272422859538919,3,94,1
0.18297856073773255,0.08756854255013113,37.31556774523672,15.97520054194156,15.339286886708416,2,148,2
0.3239883633949264,-0.18484637489079359,31.393136818328276,269.44451148594464,21.446659429490364,2,0,1
0.5324678201396676,-0.26187999102279813,28.785773182188834,1.5891245104716845,17.323411369313195,5,68,2
0.8158495166293999,0.11118914545154535,37.98081740756926,147.82264950456954,23.32189480243198,5,68,0
0.6568222761561543,-0.2335830700167033,31.38800187778557,127.19973814769403,22.204793639358726,1,60,1
0.17413462434695604,-0.2362695309741388,31.45991648287675,195.82339936444185,23.14223666206097,5,58,1
0.5856654593644116,0.14396613790908797,36.09213910504882,86.92322657077494,15.046352336184528,5,11,1
0.28182514986242113,-0.2668786600751573,31.331141932310523,262.1086201408375,25.347427516459938,4,4,0
0.7018935790267529,0.18586150742877278,27.59192217594194,220.303722474418,23.28071101537388,1,116,0
0.7785014990571727,0.17768925518869655,24.743037447461198,129.68832779766987,12.612992252629018,3,66,0
0.5866341435237782,-0.2151639431533404,27.578347319781017,107.40787485376241,14.003457048181327,3,24,2
0.584917339996402,0.011028388366181308,28.06196622717986,244.76647424927535,16.019302926129303,1,52,0
0.37764498343286756,-0.24202470541863458,24.020797027956295,227.11808956073122,28.720830156774625,5,139,0
0.46592501735227376,0.07954273187159233,26.20296022450865,119.70001740721425,16.526997272084667,4,70,0
0.8085688501285833,-0.262241992217672,35.04679832158803,102.41155878303816,10.397581653306386,1,148,1
0.6931226713930684,0.2666885137936484,25.412834216897195,11.666396898762644,12.832514753176998,2,24,1
0.5261980009505913,-0.175361558778251,15.638994165885734,24.512173632043687,10.643436473016257,5,18,0
0.4019505567236642,0.10973679356918703,22.075483044346228,16.175536666270407,18.05678488286433,3,84,1
0.14131138539661459,-0.22302514537373397,20.793546602292455,7.324645904408045,25.94306801939408,3,102,2
0.2172660690876358,-0.1742421310039341,34.839550295799214,45.861714642234276,19.00871561178007,1,147,2
0.25828065542228396,-0.02943021066997764,26.232326461795218,257.1425453041725,26.779882695862934,1,69,0
0.4061745054721133,0.0438576848049097,22.00776357587833,239.44779322675953,10.950586427214748,5,30,0
0.8741977906025452,0.29931794423500974,35.26762209604061,253.67215434845915,19.394457282895278,5,81,0
0.5142257837841739,-0.28444426314543353,15.4804201139153,187.14010842764156,25.741507442588418,1,46,0
0.2925689338725695,-0.2998113482135478,19.356271068280442,187.218930372201,23.49444435307901,3,26,0
0.18671511271844154,-0.08977974317103121,35.673870484895,37.17952396590499,27.056510742809337,4,13,2
0.3774105301744305,-0.08030617931854805,28.766293191510066,209.68960609271602,15.4766944781915,5,108,0
0.7688991211518666,0.230302341659179,34.34124436448701,84.0079232611419,20.017015925760973,3,96,0
0.4143410905966165,0.24754952861838114,35.95440036905194,155.77599893586031,23.537571566844562,5,24,0
0.733454760938379,0.22831498581559123,38.549087214713495,286.4167811402572,13.369799123175753,1,83,0
0.7582180804240407,-0.21409274970837133,16.58561498258345,261.1846182955282,26.316134293540742,1,132,0
0.1908730311529374,-0.052737098891355944,34.980868582461795,69.95805218873764,16.229401015819455,3,122,1
0.5991009971539627,0.14753109737701392,32.71915370549587,220.99518471008804,11.866146078313895,2,68,0
0.8864587719643109,-0.11243335932945514,20.17564001691398,31.227224987763325,25.314025813639212,4,8,0
0.4297532214209142,0.09794281710633074,38.292556658503074,8.022745723209779,24.100359594639606,2,95,2
0.14177415298247828,-0.1577142820853448,25.1050470076598,8.452282434558056,27.673595065688783,3,77,2
0.8571082060114604,-0.10594844522351515,37.1902631863701,51.07394526540371,27.841494908742483,3,138,1
0.824606350889436,0.2162577896090903,30.127842616623134,208.4845206281379,15.57051569163155,5,82,0
0.5281559867113815,-0.14969457834660294,28.168698663523912,108.9917680374056,22.827255504356398,1,110,1
0.5528475586820879,0.27859445213091777,18.988098347399486,4.782731690007536,29.98245992343984,3,79,1
0.27362770427642247,-0.11624426343789185,37.85819060718282,296.40678941305254,14.876130969221443,2,81,2
0.7719496195466026,-0.28588313410603355,28.916547684056155,160.01352096959795,19.45753337117236,1,47,1
0.5088520314815437,-0.14705945771845771,15.152310137420436,118.16406453339526,28.20332729281017,5,60,1
0.12777979201689635,-0.19727703465394453,15.45711352675708,155.65496851464943,12.061592830531927,5,44,0
0.6600722642881782,0.004096179730529836,34.44081512545119,155.99127295756497,28.5649979511239,1,69,1
0.879406941238219,-0.232370360203284,19.048408834459742,141.07097312789813,19.763111891235525,4,142,0
0.7799034020835153,0.07562932634724584,29.968460890703632,183.88467133949123,27.860815771440034,4,51,0
0.32730247497264264,0.2249394423338968,32.02704904834951,265.687985960492,22.4274282165376,4,69,0
0.14372656964533934,-0.08248867091775858,21.98413982371242,90.51410762312597,23.428710940461563,3,141,1
0.8710881582813081,-0.19890436841675735,29.232845210285312,146.09058685378866,25.459715028559863,2,22,0
0.8683914344013552,-0.05998500252935221,21.00646864972687,1.0931988590306085,11.34272183968336,1,37,0
0.536580562164553,0.17158009287037618,38.65788568419876,257.9442843954608,22.555366780792788,1,73,1
0.6267002775706588,0.05489260444775734,36.504253908729176,91.77116667393489,28.478744895437174,1,61,1
0.4793320497828628,-0.23931407200343813,22.20106978743673,81.38906949851066,29.122474479199138,3,51,2
0.4442076010209821,0.02231229259622003,28.220362273758493,299.2611507633104,29.366428880067055,1,116,0
0.1979477174615343,-0.019148771126644093,27.515821428847644,175.3178816235564,22.91665758535874,4,74,1
0.17933737665609875,-0.10373264638730312,39.00058144875185,36.91297384229708,22.6657369624973,4,54,2
0.29084036027447374,-0.23390364236800604,24.85071950459635,79.6574909680713,21.049301335545874,2,71,2
0.7860454120533663,0.2886671613721649,29.05568886553917,105.96797647989341,22.151067183033785,1,132,0
0.2195824866032576,-0.19437400806404664,38.21766487218593,295.81801436119616,22.242358607663213,3,147,1
0.28589289457006284,-0.18435426552555273,19.070276279413953,129.18650337445737,10.848165370433772,5,36,0
0.5498635286442102,-0.2126503847386585,28.76214008195845,69.04019648784272,11.777425718668418,2,6,1
0.27640759882418503,0.04211582321936286,17.64182300904574,170.91929022384514,22.38833143528499,5,4,0
0.23382948146858543,-0.03379825531037978,30.437473295462514,121.42789741710313,16.284328600769705,2,66,1
0.5619193181923291,-0.1502656907840664,24.142080084675115,16.48811644256113,16.028509700198015,1,94,2
0.4018364822172247,-0.04234597018708308,39.190901829490016,258.27588373629766,13.868812786299396,4,7,0
0.6134506143891848,0.10411311063703077,25.385229528713158,4.706258184991174,26.021399388681775,5,76,1
0.8480083791351146,-0.1309796811008219,18.40469093854267,269.545090723643,29.286570074412598,5,59,0
0.2238143677767555,0.24914746561822826,35.8499990232101,237.55761108054065,22.555160063932718,5,139,0
0.8490156010467125,-0.11619225769337652,35.52166728557285,22.746963042723333,28.90839791212844,1,90,2
0.8400417732867933,-0.18109258150628804,32.371490488569606,217.08332334391616,27.67768313020775,1,63,0
0.7798518183354404,0.2727407081236887,33.7202950471057,231.28250464179567,14.358539568660625,3,87,0
0.6176544521909899,0.1863363660709076,21.617880442235172,180.69212202860535,13.070518023537428,5,20,0
0.6085202591217489,-0.09411742509392065,31.05133751056953,173.30124004683697,14.231735710572266,5,71,0
0.6241543811479313,0.20485911068632562,15.950496780134841,14.906107874392216,11.924187677311497,2,49,1
0.6662063519986068,0.011288549492280031,19.922253597250865,17.848911546834767,21.657583339739173,2,27,1
0.11351540448884875,-0.0919485010433623,38.30698618882717,218.18659495070906,15.653000856751259,4,58,1
0.8856359149117328,0.20376695372352854,33.48088242706646,31.669553675672944,28.258333895028596,5,95,1
0.5801950844017755,0.15129904011866424,20.766813524731447,72.55323021194326,22.268155464544712,1,87,1
0.7408019883099858,-0.1212750944141365,17.7845772379822,149.65097814700763,17.192211115374626,5,144,0
0.40937110803031784,0.06400710915478425,38.72298612171254,49.24910208380447,29.69281263928763,5,41,2
0.11016571541095269,-0.07836586588812167,17.80469165150332,236.95186816500768,29.063889917837407,1,104,0
0.5179824210986841,-0.2993688164637671,21.426751201181204,242.21340713372658,25.572304706184006,5,82,1
0.5158958978390618,0.27708944484016756,19.56584982498643,252.64296337826758,25.833673508792696,4,131,0
0.45833121641539054,0.02977744564370205,15.186595510294199,14.870436232411489,29.545402630489797,5,136,1
0.37856798441290296,0.05905956099946991,22.8533693524511,128.36194837008733,22.009124452799206,2,106,0
0.3048573920039721,0.05993485540637694,39.35447178996907,254.07530181430076,27.60039698663709,5,63,1
0.53258679708769,0.030384876491641677,23.54758264523391,108.96581709200967,11.296554445999814,1,80,1
0.4077280745486652,-0.1259712931358439,27.60762198669434,208.74611349690673,21.081250389086446,1,97,0
0.8953441441008432,0.28294567494483375,33.64839459804453,176.77377125700286,20.050326789366494,3,120,0
0.2418003923688838,0.07300104750917097,28.777002551980402,104.16258501215358,10.75447724441698,4,34,1
0.3621257654542114,0.1025528163323769,33.58978768530767,82.92144872712713,11.73903970648266,1,130,0
0.34104758615814823,-0.027124345609770117,31.54089670476288,195.82292762982203,10.436778480337463,2,120,0
0.5455135245134848,-0.12728315970553045,30.214075574975368,40.0872411008691,15.880300089728927,2,13,2
0.5094098107188013,-0.2613906106950424,31.241222680293628,258.03675572632756,11.070224590325529,1,40,0
0.627867181647904,-0.08986188205926826,34.97910905195627,172.93303232421104,18.46319369521603,1,35,0
0.8790014518708504,-0.19434154243896473,32.754784870027606,33.45105153775175,26.25492822745835,1,86,2
0.33388129010497125,0.0972529609542071,34.79437301762979,211.0582935580091,22.276596168729654,5,31,0
0.6680726867890971,0.2274023308816316,18.639940957088285,129.3337649647257,23.475798245932694,5,45,0
0.12053296646425057,-0.11834708505260863,31.941843317763507,61.22442460895271,10.630133742192719,4,28,1
0.31515854764157214,-0.10027042475157205,33.42554780813833,288.32078787745985,26.790527205117346,4,10,1
0.48025017695720607,0.10221870229740704,22.49916081242086,215.89433550432767,12.923807587659814,1,68,0
0.12541572655453026,-0.2104371394552582,36.86443319608206,177.89808699839884,16.05301752064974,1,47,2
0.6064889576539839,0.25766245600661947,22.61779008256751,254.6601543178085,20.33587789866773,2,75,0
0.6562146988894008,-0.08169193138471015,21.095802984412433,163.1609369646458,28.59986862026317,5,31,0
0.7123200061671983,-0.2392803324439352,36.67742038701278,132.44118369987115,29.962983367469253,3,42,1
0.5235910939712701,-0.19518959704761507,21.175495952910666,56.83405795821249,25.653213672428198,5,133,0
0.5952346252824738,0.2596476456044748,25.387561560795003,46.017127535453604,24.586284474549384,2,120,0
0.4247735060483596,-0.15172842697858802,24.198070750920472,129.59079491155447,20.553646614240634,2,39,1
0.1338274866553813,0.09736128229877183,37.45154556395681,136.79237370825476,23.31254675998324,5,24,1
0.1819605217351007,-0.20630086587704094,26.380893457199107,219.99375156921818,12.888483508567074,3,146,0
0.6370966578452006,-0.18353898459073337,32.357723332405385,132.6255030110629,15.383922411496986,4,102,0
0.9163553456603366,0.22754293133998654,34.850972616095724,177.94776016962535,29.69285726994169,4,73,0
0.11295865611390288,-0.2111800679384629,30.697589518679408,249.75555722287382,29.592300462910767,4,104,1
0.5572184673976339,-0.2887496479582325,38.592362458122864,298.00040865316254,16.45944789325626,4,33,0
0.7158271773636975,0.0007399137157657609,35.0626882314002,96.75759454538473,14.820971451431186,5,64,1
0.7779553589713806,0.21763608795776074,25.00516569187158,270.58633911851064,14.59036149634837,3,58,0
0.547068019002565,-0.10440537275062514,38.77029608144208,241.81526155607966,19.69728767008399,2,108,1
0.6083311037509662,-0.2231026376125737,28.114370831783354,20.402007095865926,14.475331595822112,3,27,1
0.6713144551251339,0.28933849773938264,15.564433073622398,100.24767925616737,22.969932651013885,2,73,0
0.8043523247486132,0.10604317769364802,21.50033199132242,65.71288795031501,11.496396227078705,1,125,0
0.2002774205063113,0.21041437916889388,30.543239675931666,199.3152817268994,12.073544448384535,2,29,0
0.859469400945388,0.1512829633973542,18.92037255811092,166.58974086530648,15.538685498716012,3,17,0
0.1213342709122874,0.11894536439351411,29.60170112233009,148.4553157768661,25.548864667568566,3,123,0
0.7856837957853758,-0.06926155972144782,24.039950557688243,229.06912914227325,16.465790780840237,2,131,0
0.16292714977895179,-0.10539600407781638,28.35963700145685,99.99260874359503,19.41633564567703,4,64,2
0.25959513351603625,0.13017515753668446,15.046871196831322,114.82568866597968,23.13244092018363,2,6,0
0.10319320003252874,0.13002780490633808,36.210533866717455,259.69018446763477,25.770798439459476,4,81,1
0.46511049853955344,0.27035303042945596,24.04813719438821,291.66255277800195,16.142180424493056,2,44,0
0.3741745659082617,0.04119589070899338,18.503960856948826,232.90720223034967,24.619388223284442,5,88,0
0.23611418741936244,-0.12322733652739587,25.947896425127,65.12129243316788,15.721348087026652,4,20,1
0.46989393185920314,-0.006282720401713515,27.154432337220854,33.7954896491542,22.889324167332113,3,120,0
0.42994412420119077,0.06822829003555153,30.93506776240472,62.7615443297406,19.01760281589383,3,102,1
0.7294820468129681,-0.04396212025385249,28.114061008806992,126.82840950686892,28.53255638701205,4,96,0
0.8323668509774266,0.17467987401572893,16.088089551676568,71.00910832429147,29.641867724422543,3,76,0
0.6351051464490072,0.05076792732950264,36.78780805194412,270.31234442160354,25.48246215380584,5,33,0
0.2020165187557496,-0.29433856342340964,26.41272329467403,201.21687053023206,28.309286712868634,1,140,0
0.34222045166207754,0.04190393293920508,16.924694313325222,125.01877343490423,12.730084840483823,5,39,1
0.8489210034024695,0.08016227156511657,34.32070591322963,82.14351985846824,23.08927915095829,5,54,0
0.1727622842664691,0.24915675092644235,31.503860469576708,114.1983015422893,13.967358831448164,2,138,1
0.4336217883004777,-0.05176699580148686,31.235944319230544,142.81517861001907,15.539370099448966,2,6,0
0.8728537877714547,0.044680595562815006,25.672850043389026,214.1467056527186,20.45646482431256,5,18,0
0.8795451700049783,-0.015001529571375627,25.26242656552471,26.80246746866367,24.839745380879982,3,114,0
0.4371866051800918,0.018993857081331222,28.40846590968357,254.6498819366837,24.429881483909558,4,55,0
0.6472654482410138,-0.2596175575986021,16.26486032247758,38.268009339054,27.389186839140866,1,86,2
0.47453139065027916,0.23837020051986085,22.47394410544802,78.73502459173137,21.185497042531743,3,87,1
0.7178376423378002,0.24624740389897531,39.69735433905934,298.07696873177514,28.52685306779148,4,124,0
0.1258966911682588,0.028835765905579624,31.554812228201897,57.06259021327534,27.757771913739862,5,93,2
0.21820886211551394,0.03393330943256734,25.473354135433052,30.342656335903694,26.98114978960981,3,63,2
0.6036430189057513,-0.26546637843362725,20.559077573511324,191.5215905756395,14.590402156086986,1,82,0
0.2906928552033122,0.058770307871854055,33.63023404750584,117.93872395536748,20.62895986374393,3,110,2
0.6461628854007019,-0.042508926072502506,21.507257742654787,27.550630280552614,24.724731940871543,4,56,1
0.38800280051826463,0.12542617814066237,19.059252596157386,1.1227285047135105,29.522050156891797,5,25,2
0.8270493576648136,-0.27172505004265657,18.862872505857183,23.74847291444334,10.232945474742206,5,72,2
0.7717926961591889,0.12653260963769386,33.23158197911831,156.820673631572,16.542290678901974,4,149,0
0.5041269960564014,-0.12786370570061167,31.070256357217936,69.26788353928268,16.84700505171697,1,16,1
0.7337739714177834,0.09102319827186478,16.745152484280766,233.26564029568496,15.770691395637135,3,26,0
0.3223330667127742,0.07627558518727379,17.876070384055062,257.2525899215229,26.348485995258905,3,149,0
0.5052930169857274,-0.16389510922066047,30.84617168383943,43.4499053145883,10.901428732868082,3,124,1
0.2619352825278881,-0.03572859287023994,29.277902546803976,101.10596122034104,17.188695000169268,5,17,1
0.805926658187215,0.20137995543199466,32.149976509295335,43.97223764045924,24.233692165520704,5,31,1
0.7749154455861003,0.06335498615686436,19.450972709081547,86.00781107458417,18.13479438213967,2,103,1
0.839762728095381,-0.2587570188129531,33.16469765542918,71.7613256251714,12.881271673844987,5,117,1
0.8195311246038928,-0.03425470120750218,38.40241168326374,236.05947028115597,22.21704945518175,5,110,0
0.8868689348887857,-0.1129371247332498,30.02625786338603,103.64390340421986,20.452204727872378,4,129,0
0.2872357099381793,0.08498740734697963,19.903250491069596,148.6694396232529,29.636776722317375,2,76,2
0.8640959184521587,0.0687383647771565,31.988596382102664,202.16853164189445,24.970524382424184,4,131,0
0.5683948169086381,-0.29376113909391566,23.57704208865161,246.676994745656,29.72351975691368,3,89,1
0.4464459688128848,0.06461730565107776,16.232193659643034,90.36272709673554,13.727052822320033,5,71,0
0.5595065946936559,0.14090979239096202,22.558467383812463,62.76620031120574,25.231900185558047,4,95,1
0.3809339324532278,0.16123801944094523,37.639627548753296,293.5360121267603,21.032764393998335,5,64,0
0.33661346570798073,-0.2646145377660233,25.27848300439938,96.04426339424909,24.250189984024352,3,90,2
0.2978777571415736,-0.11780494973407862,36.61663345077731,201.32042975426265,19.351029250157787,1,125,1
0.167590951354844,-0.047235863669085665,27.716483588069792,203.35231220334128,14.24781639425834,3,143,0
0.5071832156606937,-0.1921369753230529,27.92444972399,154.2088336798623,10.91473326930249,5,86,0
0.8279645740853877,-0.047559677300994085,15.130408026622359,68.5342336453671,26.7657651465339,4,0,0
0.6167246148049954,-0.25732227850464456,30.927601832224305,42.43722628625287,26.296166971733186,4,93,2
0.5272000188597343,-0.23206963019576904,17.695346125760505,146.10484347432933,13.250794675726727,4,37,0
0.4514461929657516,0.10121685770605165,26.968710367051358,153.2788610134131,22.90361799087681,3,35,0
0.4808093335800975,-0.142456523303907,21.507921391452474,232.01002703243927,24.754674010643228,1,132,0
0.2716074250089998,0.1268435084877435,24.809574145732874,212.95003318565804,21.152499907623813,3,66,0
0.7748074192983397,-0.2711348831899992,28.426933891670018,273.61238365076,16.344578061922107,1,118,0
0.262674029890853,0.03762183182610174,15.36160286504932,291.2581685662895,27.61891804371588,2,55,0
0.6876306605163967,-0.06513080184789583,22.114589581790568,218.35539785986222,22.848812750828614,4,91,0
0.7231877094268452,0.17818283514927918,39.74029835729662,22.953374649076018,24.404350240277008,5,99,2
0.5713926144627421,0.17037094812333714,16.43497814551399,121.53549276513077,23.04229059004664,2,133,0
0.8075996274629594,-0.0746642145254951,22.98483720393421,182.64071095220487,24.425773431701757,4,29,0
0.3386612890095331,0.07362840845262858,23.035536874116204,177.05852143498726,12.901342898688881,2,84,0
0.8229261214191479,-0.16347067870830714,24.484648023319064,54.43313574917945,28.451887966226266,2,60,2
0.6981165768714295,0.04824410170825211,32.119522961058635,174.8834188352614,15.716215959170032,5,69,0
0.7549748587646439,-0.2512411836314865,21.193594967074116,104.90415236443323,26.73102446059916,4,127,0
0.6449553618123977,-0.03923742952883397,26.506733603401322,101.67805345311479,27.867684081938283,1,20,1
0.7940012739317749,-0.19036339107713451,31.12158917131123,250.20210159037086,23.024472133200824,1,81,0
0.9143410674284614,0.23002870925491364,23.058051458214713,126.579947600466,21.966015241774905,1,58,0
0.4445335407102037,-0.03305950921990092,38.71931451258136,158.21878621933578,12.180964223431621,3,134,0
0.7674108606418477,0.05446424918252091,39.491815873567035,168.86185831034362,18.724424521592567,1,32,0
0.7105554028047876,-0.08377088380199374,17.99183919218778,168.89903395548487,22.232887692962834,3,34,0
0.47135353588385476,-0.12675537885611826,23.595497110020254,63.93645413501162,11.637385449655454,3,13,0
0.8600981797806598,-0.17824813016307983,20.199301745161883,179.83600894470214,12.229240229550879,4,65,0
0.4234292622495277,0.2471229496002118,19.66973988892788,100.38708268323587,29.869625102144177,2,1,0
0.5636820513465148,0.17967946945617158,27.27449595845699,196.50608837885088,16.644683019251893,1,75,0
0.18687273273258848,-0.22004331334138147,29.095677703371972,43.70927968971813,16.994649745823278,1,33,2
0.28513565913433836,0.14803492577507898,25.64130101493998,298.23467839010084,15.030583011997841,1,60,0
0.7893708598376837,-0.04888153377800808,21.813871827434017,231.61298743601867,22.92039538988554,1,90,0
0.4251732327196549,-0.29076200702365806,21.96553935634099,125.17543004529225,19.461517736135935,2,102,1
0.4231489533205117,0.017020392225733205,39.80320390851827,90.40555525928488,25.808619147470083,5,9,1
0.3017044349163086,-0.22197213594908033,38.09193434975626,116.34061044535375,20.249896637115736,4,22,1
0.5031204741239126,-0.1740394121438432,16.897471024733928,216.36248183216247,10.308319605674313,2,47,0
0.7607699083075105,0.11762457685445582,31.41376629990314,196.62233987536956,19.65374780653591,5,77,0
0.8340345765744666,-0.14571477771528232,26.42194018712111,210.62775360017622,11.103745811895491,4,132,0
0.1574938342762308,0.23513292110508993,32.220352429979044,266.69975863546176,26.535727609628545,4,20,0
0.5713529996168947,0.09430185505450195,29.92401763851384,136.8885678931228,12.273161699694013,5,10,0
0.4831641616717144,0.19937009094648545,37.23131000206044,200.85634453429944,14.339080299316315,4,94,0
0.6037111173866943,0.06911372299811047,16.674707857220625,132.4523864879605,19.199304855896578,5,146,0
0.46676606326478076,0.2213097546132095,23.73994780144264,191.42942343596295,13.90368110800829,2,124,0
0.42688875309980046,-0.0829891949867099,39.63735314438962,142.44709108888415,20.78439920394063,5,84,1
0.48694218419218127,0.029484346131347816,19.55713372476542,232.99908820136793,19.213968488934107,1,2,0
0.5772392855802596,0.009534240266600102,18.18333598766618,1.5780369851199127,29.050452218345775,2,86,2
0.510806233046057,0.24227442484678224,33.224300150014386,64.71328673693455,11.767471266492272,5,68,1
0.4871584498369299,-0.20105075483483187,34.435879000436586,88.93128754897337,21.534640965371008,1,67,2
0.7706249541656263,0.04683645791201546,31.806838691866506,283.61835187533484,24.407992192879675,3,73,0
0.7114313528150433,0.15265871653618818,34.404895718998134,152.11386389007535,12.552540181117127,2,84,0
0.37993036522857815,-0.07797014367980379,32.3430393023293,109.30556399944237,22.72924255514803,1,108,1
0.7564732363625628,0.22054891476958577,18.39426705722942,121.29363468410156,27.284781083396524,2,28,0
0.7999935485836902,-0.07619113975335956,30.205547436962675,135.54668502976088,25.751112868563123,3,11,0
0.22586360840683622,-0.19601474406245034,34.42191706398831,260.3491170341913,28.70341380858116,4,7,1
0.5777996186192222,0.05042901324301907,36.637915158111696,288.70075970404133,24.4117139348189,4,60,0
0.3339558347513553,-0.047659193977612535,21.155881067092693,253.24939192206918,17.87973659344635,1,76,0
0.7061213039799125,-0.29088593719079725,18.185769023463465,252.49702902568453,28.409027691816217,2,117,0
0.2958039700741203,-0.2580968445038981,34.52726108956449,59.70453328663836,14.507135352296014,1,65,2
0.6505508898218861,-0.18283369187604598,21.413708625891633,80.6034215286766,21.674045570500283,1,79,2
0.30920221796725983,0.16159797571089135,15.798236958022184,178.81475416742973,25.313158901893388,2,146,0
0.5191378860125534,0.23522370962024902,35.63033909123261,196.84122403239328,27.44562333990958,4,112,0
0.8778901036912776,0.02738452440853345,27.6497783452715,60.81161203382439,28.330842621878205,2,103,1
0.4126721815342763,-0.23666072249152592,23.16582831071055,223.8845618239552,11.699512989647262,1,54,1
0.8181055584898304,0.020651371345107583,15.28572763078873,59.98906587587604,24.5211833890839,2,22,0
0.9092945565871936,0.21336327635816693,15.883186117698692,78.90319397682426,14.08208586882031,3,138,0
0.8173776960202339,0.1496865774735538,34.81558176400736,92.03866139448319,25.582388829737006,2,83,1
0.23601014437314116,-0.125341101781575,27.24264712412161,253.79742494709512,24.013794638672177,5,11,0
0.7721197400188338,-0.22566563442698528,18.743051232411503,219.62516906126498,13.627047172006206,3,72,0
0.12636250398246024,0.2404090198573458,23.96264068122545,159.20563071725442,26.65660344839057,5,13,0
0.42250754463343243,0.21245324797932658,19.13262868843807,245.92478944046854,19.23577608037123,1,147,0
0.8140013661206483,-0.2677707809128645,17.822038829509665,243.87847420077705,20.877123038020873,2,79,0
0.6647768144631343,0.19420469389473854,21.90769551685359,116.94992878461701,29.428075070869333,1,117,0
0.5368471504170601,-0.2416724173290363,28.737713686559935,234.43118624622596,23.13251175038598,1,70,1
0.4180485005677489,-0.2620298199587778,20.250165195305673,61.87283160049726,21.771262900495547,5,2,2
0.7660834961056346,0.15516053828775567,23.591777032119175,150.9686549866528,10.335255447275353,3,95,0
0.6818378912375411,0.021786373154974836,26.94827209891149,35.472519116601106,13.98429670187879,4,97,0
0.4840923620848522,-0.05127118554580867,25.500743479578798,128.0383456773774,10.531308420998755,2,34,0
0.831837156511921,0.2423173175856131,18.21569497803224,156.10973093015718,16.66624851432299,1,107,0
0.2885573746112786,0.2035821432406522,15.971640888397204,23.97550737482108,16.890167060546478,5,33,0
0.23972103751007243,-0.26542591707176605,15.886468173723474,138.78382851952497,20.60660140783688,4,103,1
0.6270990867535369,0.06965234516470342,23.75447545069668,195.50116288803991,23.795368939850345,4,112,0
0.8970353610154517,0.1633604419244749,32.97005196343307,184.22647042342135,13.586903437926264,3,20,0
0.3027503901115517,0.03029434786497126,18.281382468231765,16.306166367317097,22.03308841619485,3,43,1
0.30472971072573773,0.289803299445713,34.67450290911064,28.601905772460324,28.33952549057814,3,24,1
0.21438905532899574,0.11162850278852898,32.89185773284592,105.4068737865423,13.700157123184159,4,109,1
0.8056621153243784,-0.2375141923817848,15.09858727214028,252.8057168748317,23.18176060530728,2,35,0
0.28564598313729395,-0.18102119280002793,15.668696824546128,260.9268159502087,10.911782825038149,2,96,0
0.512606391914408,0.19574737271967718,19.87583038845129,92.8838609123778,20.622952685822483,2,62,0
0.9125154319618077,0.29805400388658004,16.403022776264628,215.66762557243692,24.830785142115595,3,12,0
0.10995553875607572,-0.24099643987656616,28.283577631757648,173.21717770549293,10.68083562380286,5,132,1
0.5563185942188512,-0.23980240929297095,15.990681536460395,295.02667762782977,16.67330782285069,5,106,0
0.5200770150180556,0.15803223248597004,35.06614594988494,28.393173686907513,27.559139707839787,3,39,2
0.7621068486563269,-0.2613874309700763,27.324051723645262,164.36422267207647,14.509595916000773,2,131,0
0.3913308624332772,-0.2588639303610915,33.19885916681194,177.76129466137616,24.45749108791393,5,106,1
0.4364799142972141,0.2332898898057975,33.76756377339603,92.30057128533483,22.244765478549894,2,122,1
0.23770914409106822,0.18026988739107053,27.66909849175582,14.085974247441236,13.273753319189899,2,26,2
0.707468489941345,0.22893791991862938,38.13407190633666,15.631360706347808,24.834150279636624,5,1,1
0.7434613055342816,0.0903080412796522,39.7560193463827,136.08541626019144,20.641619860643953,2,9,0
0.21206392303864083,-0.10647814683668491,23.980367150363648,207.74213683317575,12.240516014525664,3,80,0
0.4226348006704239,0.24378791419967466,18.14660350623084,210.05273574093823,28.987428065305398,5,118,0
0.8321820961974,-0.12076588501534094,24.080954466196673,54.29095491654725,19.839240582870683,2,137,0
0.10221996441414548,-0.1346934963270904,20.58384742535675,257.3916423017359,24.901616696060064,4,144,0
0.3449824379105585,0.23184025151566273,28.275141676543754,113.14872779092347,14.35400531051471,1,89,0
0.5551346737430891,0.10849355549592471,24.459690031310036,289.31037059172536,12.743664188087042,5,94,0
0.3739569649211617,0.23740325082554564,27.011235357169774,35.44789032769104,24.826135522598374,3,43,1
0.32307705512568896,-0.20645922644761655,34.07968940190004,250.93640959064456,23.47648357116764,4,0,0
0.4772307376206344,0.27137807865937885,21.850524363546302,272.5014459736343,15.48215375407785,3,29,0
0.2488489486499489,0.06764529402019626,28.436868115993136,246.80265784311942,24.925668710314312,3,8,0
0.5342926975867768,0.10082102645605656,23.379031233217212,242.6523423599052,20.09984522037005,3,102,0
0.6794906554768453,0.24843634819587096,34.62402160301653,108.3930046214835,16.971945132948125,1,75,1
0.5717418611553718,-0.0715482151832228,30.988415810192407,214.0029320162919,25.73783634959321,2,115,0
0.17634965130399535,0.13174499681751728,15.212618262765268,173.80396980339012,22.33565495084416,2,22,0
0.7924150636157701,0.08420437267469039,31.50128352763046,127.34373942936553,20.14536731943993,2,136,0
0.24348182673974034,0.17265163131957612,19.25405020166456,297.93350881610394,25.46214193501926,2,107,0
0.7271458405011255,0.23816567509998438,33.11184475507598,87.13641544353598,20.896567196120188,4,135,0
0.3956633908361974,0.1080365132580568,29.18346667113645,123.94320665633524,28.770688658671773,5,97,2
0.7418643054060039,-0.25941626729816136,25.037066943079367,270.85831120143524,26.361113855749547,5,50,0
0.26914378079238355,-0.19011579249013186,32.351660730181464,86.70248372888224,17.16375145480394,5,93,2
0.2530629250302524,0.2723869093602504,36.414832146719505,45.80434263856134,19.29838501092517,4,90,2
0.5075611938983354,0.28119028402633567,34.46859284655183,92.99992490084551,29.14666137390777,3,27,1
0.1270075320526556,0.28044798821901745,28.634481914297687,227.79350313053732,27.904087895878334,4,15,0
0.28474381780151337,-0.2779203597599292,33.06735800648824,257.9562029106798,13.823710752686228,1,97,0
0.6936900467911656,-0.07053109923034903,25.34786385981884,34.33349628670833,15.486076656466976,5,14,0
0.7866544522104489,0.1558036223927976,34.72565303907822,186.51380432244798,17.28841038723944,3,15,0
0.16624399842900456,0.1517314821946985,35.72629729057046,170.18607167842288,27.596980722878076,1,10,1
0.8233037217392456,-0.2484546570300249,18.43234592190997,200.63933565400953,28.548346237905285,3,93,0
0.7539641073236069,0.06569333225371138,20.950783989848656,201.31691133803878,26.046804816051985,2,139,0
0.8131411224797116,-0.21427822887548553,21.749718433728958,287.8402410799585,15.514168921205243,2,74,0
0.6727114147546487,-0.004074400279323986,19.152042974552288,103.9587625280218,27.741296132704633,1,22,0
0.6528055151810511,-0.15618857949532708,24.813375172435517,89.93007652073364,10.65762251881397,1,76,0
0.5305764513427883,-0.2681032969591634,19.825830286240308,174.36758574654755,18.456069617810364,2,72,0
0.6352855240828783,-0.25198834468403425,29.888482773165236,128.82553777159853,17.55257264663475,2,89,1
0.8536699249446162,0.24653576983794495,17.5403860724404,142.12628169377348,20.704792118091476,5,64,0
0.18242804116170092,0.14678757852092045,21.74797882566891,20.783098051347835,21.212811144696577,2,79,2
0.3589268718337948,0.2590943890637703,31.63801614865892,44.4726530860779,14.508089736869179,2,48,1
0.1594130783486149,-0.018006040599868378,24.96362807833373,280.6124809778586,14.091114055715124,5,135,0
0.8747402409941115,-0.05202450062831743,25.536568546335193,20.487435501036522,26.071331835843104,5,80,1
0.4651176821194982,-0.08495562449874264,34.94813132395973,177.04367780418625,11.52393595679687,1,46,0
0.6537824659544745,0.06978425763125401,39.61278883227466,226.37250870536707,19.86572087724091,1,0,0
0.7897184528935436,-0.08906436781719984,29.126694581355324,3.5590585322482493,13.83292813195358,1,101,0
0.9126202034227207,0.1477639403892037,16.976679286590194,66.82444438001545,16.391344502419553,3,57,0
0.23266161538965793,0.18079039572951727,17.5725743555909,113.12160925481604,15.545888383440163,3,37,0
0.7556003366889475,0.22550675605762865,39.2125180507354,152.04523412060055,24.17044451894408,2,71,1
0.8276867764721239,-0.15431944185283364,31.980872818711788,102.47858842669812,19.12041206589099,1,72,1
0.14007780901771802,0.01621322957542526,33.811727958345486,194.699777444715,15.988836688922074,2,120,0
0.7183542593521702,-0.1659332299620967,31.894093942138536,67.9192551752138,26.6270399596041,4,81,1
0.39087476338117133,-0.2774665059477953,19.490440042378832,7.6448809287057,11.715902825816041,2,105,2
0.6318493690057543,0.12469518250190259,26.20905402061905,0.4713152454762448,25.327212909472806,1,97,2
0.5215195207518691,0.029388764361074793,34.95201094048414,103.65360358489026,14.966255158005957,4,127,0
0.3129886467110423,0.13435636773185022,36.659074073551835,108.49883975827414,28.36038445253565,4,0,1
0.21088151684326856,-0.24742625315607772,20.933387868659302,284.5812352159632,10.111181707390976,3,56,0
0.19589673113315081,0.2973157074371651,29.899044770845514,13.43421375607089,21.133266747186788,5,107,2
0.18472474332096323,0.2966091401682192,18.927547568461335,159.01951804055432,22.445299680551877,5,21,0
0.6229878329103538,-0.021000104697892374,38.95692182804379,173.3439942791539,21.546006652938008,1,66,1
0.3881568981476212,0.2196352291103016,21.30510722481219,209.78250356931588,26.30030584398025,5,60,0
0.2776394193288154,-0.15385886651666592,33.16587821509742,191.62038004219815,12.243280161676225,1,120,0
0.6673457760188405,0.1425396967339782,20.777823605671358,2.4418481171828543,18.311120085851684,3,144,0
0.6632166439285028,0.2275355140881395,30.401348571963542,189.5573020227035,27.274735460399473,5,15,0
0.5421179997327381,0.18879975964846712,31.481607675566412,96.71638190991963,27.77470577057982,5,32,1
0.8666654098299977,0.18706444694469443,23.210702586368818,231.86068840434058,19.96688806477531,1,116,0
0.4160396697819655,-0.022184020746680966,35.470846635651284,56.50961584070973,21.159337877401597,1,26,1
0.7854076364408202,0.19199396866726365,37.13427245618627,214.8616955931538,25.27816880979801,2,74,0
0.161614314504401,0.11442288781278032,36.37674825634988,187.64860010671828,25.592207885972833,2,141,1
0.7066614971115737,-0.22052916111347737,23.26995548661793,195.68726559824248,27.761625990117217,2,146,0
0.9105268793421827,-0.2314893575612879,33.60850647531635,52.78430612626628,26.877147983660862,3,142,1
0.7942105373560099,0.1631532815607839,28.987268871730606,200.75220039973868,18.288466257285886,2,20,0
0.5753250698342487,0.07527845326375426,29.815708112300292,221.09352259257446,22.99506652943313,3,22,0
0.6139481727482717,0.011625670314826475,26.935627131461544,146.8230783713417,19.664705157234682,5,26,0
0.3896974305382964,0.24435707450929695,30.00652869922179,102.10970489626357,12.359229328402634,3,115,0
0.6571778789716453,0.09575421412273116,18.39135395089375,49.966454786452765,26.433618400101253,2,26,0
0.7317242142086882,-0.06231195294701991,25.221180827936383,86.98815753322216,22.035270594010136,3,64,0
0.9185473545166403,-0.051640915094289724,19.44179404969865,229.14850873575628,11.160104076118252,4,122,0
0.5038195919403551,0.06314661649055098,22.002638274285644,122.82021736387672,23.53736558017945,5,73,0
0.15026933393422268,0.15616517081180903,18.195363398053345,210.81397259797728,15.662020717942035,5,141,0
0.5886035195994079,0.03861198416947448,20.3123901305505,222.02739749954603,11.385304174333616,2,74,0
0.19759980298537827,0.005256529331507831,34.5482313946929,202.2510672372869,22.131778293672895,5,56,0
0.30070733571601027,0.1361404215925091,28.745911554441754,202.06152710488453,24.64417308258487,5,145,0
0.36959952727070455,0.12315872994422183,15.591077962805874,183.24246129781545,20.34568588642984,1,82,0
0.6994444959816968,0.19820810436813657,34.71311209505289,155.52659361411406,10.11296547140185,3,27,0
0.2507226615803705,-0.26246892823362333,37.736709898237265,59.34500606108093,21.53765473885207,1,95,2
0.23591741641072908,0.1529712792491873,37.010731894565936,252.84101607655506,10.1321815063592,3,115,0
0.13687067884903853,0.008256270571013968,35.575422071833046,289.2792517462786,28.528166025942358,1,125,0
0.8160567478101823,-0.25518412798010887,39.805411070023425,139.9452196800499,15.34610315450104,2,0,1
0.6686744479719697,0.10740601690171181,29.660048888448323,279.9716267653967,27.420132069940482,3,16,0
0.13275610180645372,0.1299241164011657,39.06469071287262,299.398361316985,10.242185772337411,2,94,1
0.12319969062325396,0.01417630172681067,38.72110581253568,145.8587737757462,11.944330209843406,1,111,1
0.558112923109546,0.1762793865898577,22.830968262585984,217.3066121249904,19.02816609205314,2,97,0
0.33167820905510303,-0.11985113482241908,36.58584390139677,193.13710147515678,25.17214758105338,3,57,0
0.5893156073541816,-0.17885566888113832,34.81181663896943,71.17944480022416,28.851234010012735,4,113,1
0.4563754240583916,-0.08955962895403291,34.394969435027136,14.126833126295635,20.421896303368598,1,86,2
0.8571163010944088,-0.053969692022413474,37.40701928229805,136.00659335233703,17.109214273331922,3,138,0
0.3360033922683217,0.11756016144130133,24.604750248007694,236.1614992188817,10.89109079834362,1,55,0
0.6568992021198927,0.20731196272693658,25.00137414718455,97.54039880690908,21.674189434774235,1,113,0
0.14432453552725136,0.13255091404720593,31.00130773009091,235.3316163579553,17.600875289970674,1,21,0
0.8838056380349189,-0.19560746455823907,33.44511344535855,196.44050458888665,28.182669693500817,4,109,0
0.9042211236848489,-0.08026974911984555,36.99342756644036,208.6624055452762,19.601184456800013,5,109,0
0.7060411957934583,-0.20495177193133318,36.89613301648205,85.722266513217,25.308939662595517,4,38,1
0.48147422668213,0.1120345197348308,33.033490609656496,141.01421485291408,26.964210564297915,2,9,0
0.2803946202483543,-0.15109687306986352,38.922319445538065,54.51114000756514,11.965552233555085,5,148,2
0.7662633990033311,0.015232159711108084,19.465715473656058,73.97415842391793,18.816926155124897,3,11,0
0.7038103596605583,0.17509790591681057,38.75849617950216,26.955012927724553,27.87434862024624,3,70,2
0.28200231243997825,0.10256356495296903,16.60478705084054,38.03202188886241,18.48910596639383,4,0,1
0.46999654120895795,-0.12097560560092038,28.890547029797958,63.154043788750954,21.30308553934771,4,62,1
0.47949512900976377,-0.10027994963019549,17.254923925203055,174.0702634127511,27.462078945976952,3,123,0
0.7776566509776215,0.09201857196181906,29.200024379953412,132.36333586429194,14.651871733795854,3,75,0
0.6607526411539427,0.02968064960396649,24.752742811392984,80.08185376966861,27.89163325646927,2,35,1
0.6273973857028452,-0.24216390751797334,17.040235787559673,258.33373406930673,17.940568423792307,4,59,0
0.6328584865018884,0.2243949535641277,31.20292012560471,157.54430740259585,21.8606665731813,4,13,0
0.3217854650936327,0.0075679488321771515,33.27994999057104,276.9328420907381,16.560789641317065,3,89,1
0.4048032330602179,-0.015983392081520775,19.354635340499534,190.4894886832703,20.5423810751918,4,0,0
0.13744307405809905,-0.1809363980206426,32.36091798271922,4.736278958614992,10.98571606045005,1,52,2
0.7452917313659415,-0.07380370861767763,19.476188728693323,274.04270730470853,11.305199504775267,3,9,0
0.45505853643924743,-0.10030508261094054,18.434911232881912,257.2390007042479,18.29445523875171,5,35,0
0.45935545281181034,-0.13755859030234388,18.684081663118643,190.58136683426977,16.69903846867157,4,10,0
0.3011921372455739,0.0404439447880639,29.976961723858373,160.4320667192454,22.315836205502166,4,139,0
0.2717303707967317,-0.022634783831830763,34.46977020316508,135.87782199557552,10.758203340876126,5,115,0
0.5820139822466041,0.2335186111888003,29.922342536845342,144.6524537300495,13.353373394737826,4,139,0
0.29069347246701416,0.2648063862282965,35.23378632545612,230.76619225270494,14.191837882515843,4,102,0
0.1526512582836808,-0.16831594246314546,29.786933526759228,153.94248070760574,18.80983537059601,3,74,1
0.7293560811043367,-0.2399367427396737,34.93303118371217,52.80740961073219,14.936695247579054,5,26,1
0.4087049362132201,0.17120253089264964,39.41306252833252,17.453270151897815,12.753253716154614,4,144,1
0.4117931787974297,0.29691684218316533,24.773995199205615,37.85588288595374,21.951473475648758,3,137,0
0.4536809908429489,0.21816004191249244,18.74855442317237,75.43233265121584,24.877439556064438,1,62,1
0.768336755194637,-0.28578155872875916,18.384920292623942,110.320236431912,23.705361335944435,5,33,0
0.36308625467065003,-0.1492418695761204,29.93693991641495,267.7248036525626,15.523601904550423,2,58,1
0.7215896932314256,-0.27399463377524164,28.67757664638355,71.72616965990039,27.08889672733928,2,59,2
0.8704267694392255,0.19246762622469993,19.60588446355077,95.87956740076044,22.236443588548045,1,137,0
0.6419119206583356,0.04884418577538979,37.052624066691834,66.90436185803216,22.293334020148478,2,10,0
0.45397848656516027,0.008231124700232295,38.91870921135471,163.72254561184002,14.256969034329146,1,94,1
0.713187572980265,0.03266992919791656,21.33039107758254,185.12600888834606,14.84425774672307,1,115,0
0.4754758431961361,-0.14852924478204532,20.172073272526674,159.6382595691482,19.495004348762095,1,114,0
0.43983036230867545,0.06098302148331769,20.34804630768868,285.55699536508206,14.75642062081169,2,28,0
0.5307321941296003,-0.281599812921582,24.685538242283986,298.61340529623726,23.76155472970753,4,61,0
0.3605323145436209,0.08760703438250378,36.33067938247366,251.21879694166898,16.171090245115167,5,51,0
0.185485177349601,0.14066029810729846,29.899015248527945,241.58884346709067,13.038323079226984,2,61,0
0.4401786445314555,0.10381575822709632,16.68883579331675,109.81583302488256,13.03227707546945,3,13,0
0.2015626425260276,-0.10072948901266784,26.82447712930168,173.9350518485995,12.544555574223214,5,12,0
0.4365620083154663,0.1957577490765256,17.258292075702315,105.44172568466554,18.79500157932749,4,3,0
0.5566856513950293,0.12932639827048925,25.155352850211003,235.3067538521218,10.06080072695245,5,145,0
0.8631831685886304,-0.22302160624543327,25.088003557582926,51.549341727550804,20.847445766050615,3,62,1
0.12970231145714894,-0.18291346767701097,31.20881664274114,65.00151428839291,15.966058458391007,1,34,2
0.6095958933315943,0.08226504790694317,28.736349174077525,11.608221261092655,21.049576619204295,1,119,1
0.47534285305306345,-0.12635031986638431,36.86886955847715,182.6819020013977,28.708508268831665,4,74,1
0.11661412512739412,-0.22834023513225782,15.406879566636809,206.5614776366871,27.380952203669672,1,54,1
0.3046295042697507,-0.20701860411006467,34.34997055236623,1.0086858694136391,21.52859679876911,3,17,2
0.1971579069309373,-0.2006296916757596,15.566458523896044,153.23572919827518,18.3614062527745,2,57,1
0.2777711994997847,-0.013325455908970663,22.60724571190915,113.06236154693218,23.967253421650128,5,97,1
0.3251475996379529,0.06443127205769839,36.99157845448909,237.71423454563032,28.462786652490422,5,93,1
0.42907119501340096,-0.19415863508735104,32.26035429192804,11.667223799593017,19.790941358790995,3,58,2
0.5338123026608901,0.12749796621793263,19.299916959153585,14.569706645423564,11.986154481706372,3,91,0
0.10081179501963661,-0.13139243549908292,27.26961360279857,186.06272961776398,25.321764008479803,2,115,1
0.23273287571556747,-0.11306511696362348,33.047604524449646,177.49165637392917,10.209583077887682,4,139,0
0.17672443619921657,-0.16590082735553546,38.43358303348823,249.32700689940307,25.29276959281347,2,79,2
0.5507321873954499,0.17112368156591456,30.858029980455093,177.68006674720834,11.698332077731399,4,34,0
0.36984139372904123,0.2758882997621262,15.616885285823182,284.8112485774504,12.132331487325738,5,19,0
0.5496861435484689,-0.004500090793144396,27.492546492407087,94.31539267032663,25.63413740023052,1,23,1
0.28189510778323584,-0.2747816151408047,18.82404097927069,119.37642192144007,23.790434097908104,2,1,2
0.1198680703518196,-0.14365841014471448,16.194488761873032,293.302399950875,21.23806258673276,2,83,0
0.8719208590416024,-0.20516982532869238,29.962765867039607,32.257273011533435,26.41170385420387,5,31,1
0.1888126593749751,0.20565737091121067,34.423047562760615,238.77145595888388,27.027370214875265,4,33,0
0.20402417332860778,-0.2490876075400769,15.901513887410108,3.470614398132088,19.150245113125735,1,108,2
0.22016839773831523,0.2798857444130302,34.58973177413799,145.9539748210057,29.925973741090747,2,47,2
0.9046467496744837,0.05310826597477558,32.65969699528772,46.02070121060235,17.151598792782146,4,124,0
0.6064813969393968,0.01064387224449792,33.79967220420903,179.6585111184195,13.430155332415964,5,20,0
0.6004377603971575,0.2084103734515121,21.11820931789251,239.4509909123484,26.919528862397833,3,51,0
0.9090925252451943,-0.2834714272251263,24.839886387335728,9.912690705206185,18.311405591186606,1,7,0
0.17251979080521693,0.16629164964420579,17.993770680180475,49.131817977523575,27.489993024572286,1,80,2
0.8990907318846771,-0.23003757265889008,20.972273755861664,102.78311434857073,11.223326889808082,1,18,0
0.26729078017431357,0.2044668593642593,22.56974178693575,76.73968975670219,12.221042230132833,1,36,0
0.6109186329208691,0.017505731542717118,22.985915988419652,114.96596694187653,10.80545322447925,3,110,0
0.44446852354828925,-0.2633223585839449,19.375997202420294,285.56048994523553,22.0402192060482,2,132,0
0.4148404870512862,0.1999470232807946,19.717794951778583,30.361838232072145,26.637283622329992,2,81,2
0.8636195293531593,-0.283611529757249,37.536759994804,126.98463259973163,18.053215672173437,4,144,0
0.2223667373210103,-0.2169775842638379,34.59734037039014,137.12741148227485,11.813908993420474,3,113,1
0.9175965890825197,0.17869471429597733,23.611942587285935,84.10261554874882,17.469376548619067,4,112,0
0.4108825500950698,-0.021077325685265436,38.69108848702402,83.55196730627091,16.9609226467946,3,148,1
0.6319954211886146,0.22883322261290023,20.973067819808097,214.4256485247962,22.869438495282296,2,13,0
0.8936835198163554,0.08125756367465009,25.170511336251266,185.35315279529482,23.043032575926677,5,34,0
0.14723286131075933,0.07411725262224478,35.33813278586426,243.84960591994593,12.06047434502706,3,65,0
0.8567487775986563,-0.12465893632079109,26.072159255090668,121.52196674341566,18.403535550510547,5,92,0
0.5656053359905615,-0.21979168586895986,20.86563307270365,182.0133080939019,22.850290536375308,1,148,0
0.6776054407615109,0.27670343453800955,24.21338669053721,268.07644220477533,15.177224183800694,5,14,0
0.22233103078680566,-0.23712138651396292,27.518026809367036,255.39854151491565,18.14160573056955,4,34,0
0.5373776932814465,0.017406360044140534,30.51610959150843,276.00701774998765,22.273898632900377,2,44,0
0.6522812460746998,-0.13645884549913184,25.14016248953808,80.69250675846747,18.057414024898037,4,100,0
0.4741227920578991,-0.14151560185112716,25.78260827799936,295.6263553596361,10.617219431311359,4,142,0
0.22708784604696652,0.056751731581687836,21.59859032003563,244.91697464142499,14.452319908590116,5,140,0
0.30017764157017285,0.17876047030732128,28.383682460435292,238.442341812391,25.521618289310474,2,112,1
0.8006020886146689,0.1663076896987672,20.48640584423866,200.27358028759778,14.970081575000613,5,115,0
0.12826621412286549,0.2212810135161321,36.68815545270189,294.98039201161964,26.354228921292282,4,62,2
0.6812669043214662,-0.12425835725257975,33.684176756657536,132.4689684139441,19.338156514036477,2,91,1
0.919499829941912,-0.02054917097095571,25.2569747103546,222.46179142872322,19.45842274394556,2,25,0
0.10613605680754863,-0.294399256067985,33.6806961758212,209.64338639655642,25.410324306627558,2,76,2
0.23205745991235074,0.1481145738818193,15.174898545234326,219.62667193411968,17.665870260317902,3,43,0
0.6527983267323703,-0.11859413271463018,23.612230566059914,225.439444250777,14.769611843047418,5,139,0
0.14919248435998558,0.036896119962111895,26.007528703669713,57.22676733636401,12.100647534348663,5,55,2
0.5836277867618044,-0.1984198307883296,26.74496268864243,104.71544091072069,23.43819752337536,1,59,1
0.660880084920066,0.19163970428059712,33.71828694275847,117.67619874777148,19.39885079585767,1,60,0
0.5822800054535376,0.19036333156696666,39.070185689042845,224.39994419398863,26.188137614002535,1,135,0
0.3994514564772751,0.2264717488517733,24.499928261070075,214.8743927157913,19.153494171486127,4,139,0
0.671771482709044,-0.27243780173596627,23.76499623819687,250.00986157071577,18.296213502296816,2,64,0
0.5873214309713328,0.29547522586500824,30.262880664509904,236.55574736710082,15.977041681494747,4,149,0
0.27026248111701423,-0.15133235133618328,22.03134035478947,178.81016381682323,13.988557458807156,4,113,0
0.56177114573979,-0.11433978837159034,18.53375834537973,41.98454594623276,26.608738892969292,1,126,1
0.8231639180539205,-0.15039856248573233,39.03852176230497,190.63657776970953,11.904227418935328,4,137,0
0.646803294266169,-0.13948038098008056,35.23824892022555,266.1177850912437,28.042554467032915,4,49,1
0.4868690360629546,0.03159681366218797,38.962488825603195,192.95230901691937,10.53818302474701,5,82,0
0.36369896435295,-0.15611367341773225,20.445821967097917,268.6879285733225,20.44504670464417,4,42,0
0.17042669173880975,-0.06373721315975714,15.445230374241765,299.7159054410698,11.166571243021686,2,46,0
0.30059424886240355,0.09336394946592919,25.93153939345266,107.76066990705988,25.59214242619266,5,69,1
0.10917313753123906,0.2016157221466361,38.34022407478953,216.9869083043553,14.229930481182267,2,7,1
0.9090332523704708,0.11564490016012774,18.45813347179397,161.9875897801516,21.318451524730712,5,32,0
0.28243544674556675,0.056593706872393956,17.92963807086496,136.49154021244968,28.32892205181889,2,121,0
0.7681982730020056,-0.2113628624753588,16.72381960614605,71.96012360773835,22.985178712248526,5,24,0
0.23828880308008246,0.18966936092476955,34.12544997329937,73.77437879877931,13.56639929947831,4,93,1
0.33255294267657065,-0.2776350672041768,34.64816334583847,55.49168602799131,25.933555375098013,3,114,1
0.4429874017672608,-0.14148500205881875,32.3844013915866,189.44505194968244,18.829592136166987,2,39,1
0.36601264459611615,-0.26576464984082326,16.332296128058402,42.61592899293092,10.263534766855134,1,68,2
0.7546476664630861,0.10045738535067755,33.08220839538009,129.41594094511524,19.7352994021567,5,131,0
0.885308594572647,-0.07897735044389131,26.21572021154218,156.99997178165825,26.249693545266805,5,125,0
0.8177414765936958,0.09122908992292006,18.947360548415123,131.47034315669094,18.59915261667226,3,138,0
0.2259338508971604,-0.09178142441784581,22.378150262115053,256.478854042175,25.16856100959985,5,94,1
0.736884714606418,-0.026555561520303472,27.528670998324024,132.95080793815808,24.110517690688106,4,133,0
0.2213164689098634,-0.02522339390029149,23.241286806742025,24.849627889290783,19.138246346765694,2,59,2
0.8489725073809231,-0.27265160779947323,39.24373066853981,297.6598623517942,16.46565170050895,5,90,0
0.5246604320482343,-0.041864084192397844,26.86854354267998,253.4950773180638,24.530800031243125,4,100,0
0.3758324922064995,0.08463861786912158,24.30376275630359,198.01304562179993,17.37836835476731,3,146,0
0.2287609078140381,0.027631347645260262,31.829135724200917,226.89708624258225,13.401742134573034,1,55,0
0.1096834523067838,-0.2548297402330276,31.26362642139787,38.45720992645323,16.41726123055959,4,131,2
0.30331653316192553,0.10083359141204928,15.060982010131685,229.77443823095243,27.536783858560966,2,76,0
0.8494964518906758,-0.11468234705084343,30.46184245751857,62.32468251362854,15.667782242747712,2,15,0
0.7537549976632266,-0.29133911833258674,21.09422436922584,146.6928388721927,14.699210696894722,4,98,0
0.89523084035559,-0.20664266574945286,24.38084103969804,53.39483679728507,12.668401414611242,5,147,0
0.1826244473195259,-0.0014642056100643286,32.65872226837111,226.13548929965754,11.10355689135448,1,68,1
0.585586569674649,-0.11375900458195878,28.934655525267395,73.78016415373408,29.53384708399263,5,82,1
0.3108633887052369,0.11662980825213048,24.216378603877423,75.96252554750782,20.73553654521221,2,139,0
0.5452121987333741,-0.15560791466054133,19.1852587959281,32.76670480208972,24.59288921241395,3,138,0
0.36277300616203323,0.16367770108510116,27.63705468119383,216.18193708916152,25.459468937374105,5,60,1
0.3324417511995532,-0.12811369116361204,22.98415058768008,88.75338923426335,17.04633989440945,2,114,1
0.57055314766017,0.07251822455064938,37.823195210201874,155.4840039605902,25.97811820322442,2,94,1
0.25032089273302305,0.17952982815070806,28.35866600722627,99.67306721011178,29.229684888400975,5,97,2
0.48468941831713586,-0.06866632281375068,36.649099854260314,232.41037764666999,24.835237004810686,2,108,0
0.6336660573361086,-0.2719170349107177,24.754525712087784,67.94509694820037,24.23466253325558,5,49,1
0.20510930000989935,0.02126731263532855,35.68592909469901,282.2503500139175,18.6446757316404,2,45,1
0.8630873021190614,0.2972454369267002,16.413422554301967,96.4019924669123,26.826402516175897,4,4,0
0.5146942535523824,0.2813951198261481,22.452975639200375,31.155486387225196,11.776747502466993,3,128,0
0.7720129369451607,-0.16738668363349907,16.954398326117484,72.09156984447974,24.99367424483897,5,41,0
0.6362024531092719,0.15341790565455143,15.791254517871847,22.18227872015256,17.239870842857144,3,101,0
0.6822007718024874,-0.09302890090796043,37.97155613307797,140.62161929772745,21.319478315955827,3,102,0
0.6872273716141272,-0.20383651189014512,32.921718609992,75.07536621704068,27.859275397940543,3,105,1
0.8175819155904076,0.09954882036149593,30.627751611711766,265.8138133334629,22.100391199089504,2,129,0
0.6031564567384777,0.0005212377160613846,28.31232023529582,155.13858606604393,10.511630607249323,3,130,0
0.3281380644115395,0.023538334593406374,29.23885090542105,70.0105346187859,24.452096910461925,3,0,1
0.1815979071496749,0.19643559734130506,30.967259534661338,135.38109897148243,28.580490124072785,4,126,1
0.597125507949116,-0.09807379446754616,35.66449486850258,58.79828164212729,22.840238906211184,1,31,1
0.15440929909187648,0.10025685573339782,29.922213894888205,53.61881277747553,27.228401549191474,3,96,2
0.29786063038541477,-0.08028511982242484,33.71451907777206,90.1969410400332,26.505915106838685,3,100,2
0.14977989137356762,-0.27436566205174245,22.024451295743372,32.49043943068403,27.225845659679248,4,8,2
0.550087822985385,-0.07319093559819065,39.4190434454118,56.59426107326719,16.882008053845496,4,42,1
0.2314772624531518,0.2700206779224808,15.797430210925723,281.4140618986266,19.48327054217362,3,136,0
0.600534001935448,-0.010042510746949784,24.664414881932885,200.04079040923858,26.96067010059463,1,21,0
0.7485094073078794,-0.2350617378978791,37.051238787592595,276.3307990371797,28.207971498629103,2,34,0
0.7739421910329272,0.11269609762573551,19.513074067154754,77.05408244033512,12.93682998519493,2,12,0
0.35382567667285447,0.2780276098311127,18.53345232334145,257.1040007402771,13.630647591829678,2,25,0
0.5501427168094868,0.24476714792655424,24.135769172497838,108.68184205619517,16.93659200109869,4,95,0
0.5616688232708144,0.04317650268488321,25.704867512920686,43.25849433674569,25.40595656358716,3,126,0
0.4877674893664167,-0.07423155339088128,38.334851516543196,241.41213000125907,27.499623145157898,4,89,0
0.6371933909683072,0.048406601105544234,35.902988367720525,17.895039558825044,21.60480282806691,1,42,1
0.27227144153529753,0.1895586373195497,26.602240942262853,121.45585168048989,12.26536350786462,5,128,1
0.9029794564611714,0.21674240521107252,39.32437752204007,245.79440055349303,16.074964599343318,3,55,0
0.18042545821456463,0.19130633096546473,31.056960103976607,185.15547763395278,27.140460129552633,2,47,1
